[2026-08-12T04:32:02.379+0000] {processor.py:186} INFO - Started process (PID=102) to work on /home/airflow/.local/lib/python3.12/site-packages/airflow/example_dags/example_datasets.py
[2026-08-12T04:32:02.381+0000] {processor.py:914} INFO - Processing file /home/airflow/.local/lib/python3.12/site-packages/airflow/example_dags/example_datasets.py for tasks to queue
[2026-08-12T04:32:02.385+0000] {logging_mixin.py:190} INFO - [2026-08-12T04:32:02.385+0000] {dagbag.py:587} INFO - Filling up the DagBag from /home/airflow/.local/lib/python3.12/site-packages/airflow/example_dags/example_datasets.py
[2026-08-12T04:32:02.555+0000] {processor.py:925} INFO - DAG(s) 'dataset_consumes_unknown_never_scheduled', 'dataset_consumes_1', 'dataset_produces_1', 'dataset_consumes_1_never_scheduled', 'consume_1_or_2_with_dataset_expressions', 'dataset_produces_2', 'conditional_dataset_and_time_based_timetable', 'dataset_consumes_1_and_2', 'consume_1_and_2_with_dataset_expressions', 'consume_1_or_both_2_and_3_with_dataset_expressions' retrieved from /home/airflow/.local/lib/python3.12/site-packages/airflow/example_dags/example_datasets.py
[2026-08-12T04:32:02.663+0000] {logging_mixin.py:190} INFO - [2026-08-12T04:32:02.662+0000] {override.py:1858} INFO - Created Permission View: can read on DAG:dataset_consumes_unknown_never_scheduled
[2026-08-12T04:32:02.677+0000] {logging_mixin.py:190} INFO - [2026-08-12T04:32:02.676+0000] {override.py:1858} INFO - Created Permission View: can delete on DAG:dataset_consumes_unknown_never_scheduled
[2026-08-12T04:32:02.687+0000] {logging_mixin.py:190} INFO - [2026-08-12T04:32:02.686+0000] {override.py:1858} INFO - Created Permission View: can edit on DAG:dataset_consumes_unknown_never_scheduled
[2026-08-12T04:32:02.702+0000] {logging_mixin.py:190} INFO - [2026-08-12T04:32:02.702+0000] {override.py:1858} INFO - Created Permission View: can read on DAG:dataset_consumes_1
[2026-08-12T04:32:02.712+0000] {logging_mixin.py:190} INFO - [2026-08-12T04:32:02.711+0000] {override.py:1858} INFO - Created Permission View: can delete on DAG:dataset_consumes_1
[2026-08-12T04:32:02.723+0000] {logging_mixin.py:190} INFO - [2026-08-12T04:32:02.722+0000] {override.py:1858} INFO - Created Permission View: can edit on DAG:dataset_consumes_1
[2026-08-12T04:32:02.737+0000] {logging_mixin.py:190} INFO - [2026-08-12T04:32:02.737+0000] {override.py:1858} INFO - Created Permission View: can read on DAG:dataset_produces_1
[2026-08-12T04:32:02.748+0000] {logging_mixin.py:190} INFO - [2026-08-12T04:32:02.748+0000] {override.py:1858} INFO - Created Permission View: can delete on DAG:dataset_produces_1
[2026-08-12T04:32:02.759+0000] {logging_mixin.py:190} INFO - [2026-08-12T04:32:02.759+0000] {override.py:1858} INFO - Created Permission View: can edit on DAG:dataset_produces_1
[2026-08-12T04:32:02.775+0000] {logging_mixin.py:190} INFO - [2026-08-12T04:32:02.775+0000] {override.py:1858} INFO - Created Permission View: can read on DAG:dataset_consumes_1_never_scheduled
[2026-08-12T04:32:02.783+0000] {logging_mixin.py:190} INFO - [2026-08-12T04:32:02.783+0000] {override.py:1858} INFO - Created Permission View: can delete on DAG:dataset_consumes_1_never_scheduled
[2026-08-12T04:32:02.793+0000] {logging_mixin.py:190} INFO - [2026-08-12T04:32:02.793+0000] {override.py:1858} INFO - Created Permission View: can edit on DAG:dataset_consumes_1_never_scheduled
[2026-08-12T04:32:02.809+0000] {logging_mixin.py:190} INFO - [2026-08-12T04:32:02.809+0000] {override.py:1858} INFO - Created Permission View: can read on DAG:consume_1_or_2_with_dataset_expressions
[2026-08-12T04:32:02.817+0000] {logging_mixin.py:190} INFO - [2026-08-12T04:32:02.817+0000] {override.py:1858} INFO - Created Permission View: can delete on DAG:consume_1_or_2_with_dataset_expressions
[2026-08-12T04:32:02.825+0000] {logging_mixin.py:190} INFO - [2026-08-12T04:32:02.825+0000] {override.py:1858} INFO - Created Permission View: can edit on DAG:consume_1_or_2_with_dataset_expressions
[2026-08-12T04:32:02.841+0000] {logging_mixin.py:190} INFO - [2026-08-12T04:32:02.840+0000] {override.py:1858} INFO - Created Permission View: can read on DAG:dataset_produces_2
[2026-08-12T04:32:02.849+0000] {logging_mixin.py:190} INFO - [2026-08-12T04:32:02.848+0000] {override.py:1858} INFO - Created Permission View: can delete on DAG:dataset_produces_2
[2026-08-12T04:32:02.871+0000] {logging_mixin.py:190} INFO - [2026-08-12T04:32:02.871+0000] {override.py:1858} INFO - Created Permission View: can edit on DAG:dataset_produces_2
[2026-08-12T04:32:02.888+0000] {logging_mixin.py:190} INFO - [2026-08-12T04:32:02.888+0000] {override.py:1858} INFO - Created Permission View: can read on DAG:conditional_dataset_and_time_based_timetable
[2026-08-12T04:32:02.896+0000] {logging_mixin.py:190} INFO - [2026-08-12T04:32:02.896+0000] {override.py:1858} INFO - Created Permission View: can delete on DAG:conditional_dataset_and_time_based_timetable
[2026-08-12T04:32:02.906+0000] {logging_mixin.py:190} INFO - [2026-08-12T04:32:02.906+0000] {override.py:1858} INFO - Created Permission View: can edit on DAG:conditional_dataset_and_time_based_timetable
[2026-08-12T04:32:02.920+0000] {logging_mixin.py:190} INFO - [2026-08-12T04:32:02.920+0000] {override.py:1858} INFO - Created Permission View: can read on DAG:dataset_consumes_1_and_2
[2026-08-12T04:32:02.928+0000] {logging_mixin.py:190} INFO - [2026-08-12T04:32:02.928+0000] {override.py:1858} INFO - Created Permission View: can delete on DAG:dataset_consumes_1_and_2
[2026-08-12T04:32:02.936+0000] {logging_mixin.py:190} INFO - [2026-08-12T04:32:02.936+0000] {override.py:1858} INFO - Created Permission View: can edit on DAG:dataset_consumes_1_and_2
[2026-08-12T04:32:02.950+0000] {logging_mixin.py:190} INFO - [2026-08-12T04:32:02.949+0000] {override.py:1858} INFO - Created Permission View: can read on DAG:consume_1_and_2_with_dataset_expressions
[2026-08-12T04:32:02.958+0000] {logging_mixin.py:190} INFO - [2026-08-12T04:32:02.958+0000] {override.py:1858} INFO - Created Permission View: can delete on DAG:consume_1_and_2_with_dataset_expressions
[2026-08-12T04:32:02.967+0000] {logging_mixin.py:190} INFO - [2026-08-12T04:32:02.967+0000] {override.py:1858} INFO - Created Permission View: can edit on DAG:consume_1_and_2_with_dataset_expressions
[2026-08-12T04:32:02.980+0000] {logging_mixin.py:190} INFO - [2026-08-12T04:32:02.980+0000] {override.py:1858} INFO - Created Permission View: can read on DAG:consume_1_or_both_2_and_3_with_dataset_expressions
[2026-08-12T04:32:02.988+0000] {logging_mixin.py:190} INFO - [2026-08-12T04:32:02.988+0000] {override.py:1858} INFO - Created Permission View: can delete on DAG:consume_1_or_both_2_and_3_with_dataset_expressions
[2026-08-12T04:32:02.996+0000] {logging_mixin.py:190} INFO - [2026-08-12T04:32:02.996+0000] {override.py:1858} INFO - Created Permission View: can edit on DAG:consume_1_or_both_2_and_3_with_dataset_expressions
[2026-08-12T04:32:02.998+0000] {logging_mixin.py:190} INFO - [2026-08-12T04:32:02.997+0000] {dag.py:3211} INFO - Sync 10 DAGs
[2026-08-12T04:32:03.010+0000] {logging_mixin.py:190} INFO - [2026-08-12T04:32:03.010+0000] {dag.py:3234} INFO - Creating ORM DAG for dataset_produces_1
[2026-08-12T04:32:03.012+0000] {logging_mixin.py:190} INFO - [2026-08-12T04:32:03.012+0000] {dag.py:3234} INFO - Creating ORM DAG for dataset_produces_2
[2026-08-12T04:32:03.014+0000] {logging_mixin.py:190} INFO - [2026-08-12T04:32:03.013+0000] {dag.py:3234} INFO - Creating ORM DAG for consume_1_and_2_with_dataset_expressions
[2026-08-12T04:32:03.015+0000] {logging_mixin.py:190} INFO - [2026-08-12T04:32:03.015+0000] {dag.py:3234} INFO - Creating ORM DAG for consume_1_or_both_2_and_3_with_dataset_expressions
[2026-08-12T04:32:03.017+0000] {logging_mixin.py:190} INFO - [2026-08-12T04:32:03.017+0000] {dag.py:3234} INFO - Creating ORM DAG for dataset_consumes_1
[2026-08-12T04:32:03.018+0000] {logging_mixin.py:190} INFO - [2026-08-12T04:32:03.018+0000] {dag.py:3234} INFO - Creating ORM DAG for dataset_consumes_1_and_2
[2026-08-12T04:32:03.020+0000] {logging_mixin.py:190} INFO - [2026-08-12T04:32:03.020+0000] {dag.py:3234} INFO - Creating ORM DAG for conditional_dataset_and_time_based_timetable
[2026-08-12T04:32:03.021+0000] {logging_mixin.py:190} INFO - [2026-08-12T04:32:03.021+0000] {dag.py:3234} INFO - Creating ORM DAG for consume_1_or_2_with_dataset_expressions
[2026-08-12T04:32:03.023+0000] {logging_mixin.py:190} INFO - [2026-08-12T04:32:03.023+0000] {dag.py:3234} INFO - Creating ORM DAG for dataset_consumes_1_never_scheduled
[2026-08-12T04:32:03.024+0000] {logging_mixin.py:190} INFO - [2026-08-12T04:32:03.024+0000] {dag.py:3234} INFO - Creating ORM DAG for dataset_consumes_unknown_never_scheduled
[2026-08-12T04:32:03.036+0000] {logging_mixin.py:190} INFO - [2026-08-12T04:32:03.036+0000] {dag.py:4138} INFO - Setting next_dagrun for conditional_dataset_and_time_based_timetable to 2026-08-12 01:00:00+00:00, run_after=2026-08-12 01:00:00+00:00
[2026-08-12T04:32:03.038+0000] {logging_mixin.py:190} INFO - [2026-08-12T04:32:03.038+0000] {dag.py:4138} INFO - Setting next_dagrun for consume_1_and_2_with_dataset_expressions to None, run_after=None
[2026-08-12T04:32:03.039+0000] {logging_mixin.py:190} INFO - [2026-08-12T04:32:03.039+0000] {dag.py:4138} INFO - Setting next_dagrun for consume_1_or_2_with_dataset_expressions to None, run_after=None
[2026-08-12T04:32:03.040+0000] {logging_mixin.py:190} INFO - [2026-08-12T04:32:03.040+0000] {dag.py:4138} INFO - Setting next_dagrun for consume_1_or_both_2_and_3_with_dataset_expressions to None, run_after=None
[2026-08-12T04:32:03.042+0000] {logging_mixin.py:190} INFO - [2026-08-12T04:32:03.042+0000] {dag.py:4138} INFO - Setting next_dagrun for dataset_consumes_1 to None, run_after=None
[2026-08-12T04:32:03.043+0000] {logging_mixin.py:190} INFO - [2026-08-12T04:32:03.043+0000] {dag.py:4138} INFO - Setting next_dagrun for dataset_consumes_1_and_2 to None, run_after=None
[2026-08-12T04:32:03.045+0000] {logging_mixin.py:190} INFO - [2026-08-12T04:32:03.044+0000] {dag.py:4138} INFO - Setting next_dagrun for dataset_consumes_1_never_scheduled to None, run_after=None
[2026-08-12T04:32:03.046+0000] {logging_mixin.py:190} INFO - [2026-08-12T04:32:03.046+0000] {dag.py:4138} INFO - Setting next_dagrun for dataset_consumes_unknown_never_scheduled to None, run_after=None
[2026-08-12T04:32:03.048+0000] {logging_mixin.py:190} INFO - [2026-08-12T04:32:03.048+0000] {dag.py:4138} INFO - Setting next_dagrun for dataset_produces_1 to 2026-08-11 00:00:00+00:00, run_after=2026-08-12 00:00:00+00:00
[2026-08-12T04:32:03.050+0000] {logging_mixin.py:190} INFO - [2026-08-12T04:32:03.050+0000] {dag.py:4138} INFO - Setting next_dagrun for dataset_produces_2 to None, run_after=None
[2026-08-12T04:32:03.113+0000] {processor.py:208} INFO - Processing /home/airflow/.local/lib/python3.12/site-packages/airflow/example_dags/example_datasets.py took 0.741 seconds
[2026-08-12T04:32:33.420+0000] {processor.py:186} INFO - Started process (PID=164) to work on /home/airflow/.local/lib/python3.12/site-packages/airflow/example_dags/example_datasets.py
[2026-08-12T04:32:33.422+0000] {processor.py:914} INFO - Processing file /home/airflow/.local/lib/python3.12/site-packages/airflow/example_dags/example_datasets.py for tasks to queue
[2026-08-12T04:32:33.426+0000] {logging_mixin.py:190} INFO - [2026-08-12T04:32:33.425+0000] {dagbag.py:587} INFO - Filling up the DagBag from /home/airflow/.local/lib/python3.12/site-packages/airflow/example_dags/example_datasets.py
[2026-08-12T04:32:33.617+0000] {processor.py:925} INFO - DAG(s) 'dataset_consumes_1_never_scheduled', 'dataset_consumes_unknown_never_scheduled', 'dataset_produces_1', 'dataset_consumes_1', 'dataset_produces_2', 'consume_1_and_2_with_dataset_expressions', 'conditional_dataset_and_time_based_timetable', 'consume_1_or_2_with_dataset_expressions', 'dataset_consumes_1_and_2', 'consume_1_or_both_2_and_3_with_dataset_expressions' retrieved from /home/airflow/.local/lib/python3.12/site-packages/airflow/example_dags/example_datasets.py
[2026-08-12T04:32:33.689+0000] {logging_mixin.py:190} INFO - [2026-08-12T04:32:33.688+0000] {dag.py:3211} INFO - Sync 10 DAGs
[2026-08-12T04:32:33.736+0000] {logging_mixin.py:190} INFO - [2026-08-12T04:32:33.736+0000] {dag.py:4138} INFO - Setting next_dagrun for conditional_dataset_and_time_based_timetable to 2026-08-12 01:00:00+00:00, run_after=2026-08-12 01:00:00+00:00
[2026-08-12T04:32:33.747+0000] {logging_mixin.py:190} INFO - [2026-08-12T04:32:33.746+0000] {dag.py:4138} INFO - Setting next_dagrun for consume_1_and_2_with_dataset_expressions to None, run_after=None
[2026-08-12T04:32:33.751+0000] {logging_mixin.py:190} INFO - [2026-08-12T04:32:33.750+0000] {dag.py:4138} INFO - Setting next_dagrun for consume_1_or_2_with_dataset_expressions to None, run_after=None
[2026-08-12T04:32:33.756+0000] {logging_mixin.py:190} INFO - [2026-08-12T04:32:33.754+0000] {dag.py:4138} INFO - Setting next_dagrun for consume_1_or_both_2_and_3_with_dataset_expressions to None, run_after=None
[2026-08-12T04:32:33.762+0000] {logging_mixin.py:190} INFO - [2026-08-12T04:32:33.762+0000] {dag.py:4138} INFO - Setting next_dagrun for dataset_consumes_1 to None, run_after=None
[2026-08-12T04:32:33.767+0000] {logging_mixin.py:190} INFO - [2026-08-12T04:32:33.766+0000] {dag.py:4138} INFO - Setting next_dagrun for dataset_consumes_1_and_2 to None, run_after=None
[2026-08-12T04:32:33.770+0000] {logging_mixin.py:190} INFO - [2026-08-12T04:32:33.770+0000] {dag.py:4138} INFO - Setting next_dagrun for dataset_consumes_1_never_scheduled to None, run_after=None
[2026-08-12T04:32:33.773+0000] {logging_mixin.py:190} INFO - [2026-08-12T04:32:33.773+0000] {dag.py:4138} INFO - Setting next_dagrun for dataset_consumes_unknown_never_scheduled to None, run_after=None
[2026-08-12T04:32:33.785+0000] {logging_mixin.py:190} INFO - [2026-08-12T04:32:33.784+0000] {dag.py:4138} INFO - Setting next_dagrun for dataset_produces_1 to 2026-08-11 00:00:00+00:00, run_after=2026-08-12 00:00:00+00:00
[2026-08-12T04:32:33.788+0000] {logging_mixin.py:190} INFO - [2026-08-12T04:32:33.787+0000] {dag.py:4138} INFO - Setting next_dagrun for dataset_produces_2 to None, run_after=None
[2026-08-12T04:32:33.900+0000] {processor.py:208} INFO - Processing /home/airflow/.local/lib/python3.12/site-packages/airflow/example_dags/example_datasets.py took 0.487 seconds
[2026-08-12T04:33:04.005+0000] {processor.py:186} INFO - Started process (PID=227) to work on /home/airflow/.local/lib/python3.12/site-packages/airflow/example_dags/example_datasets.py
[2026-08-12T04:33:04.010+0000] {processor.py:914} INFO - Processing file /home/airflow/.local/lib/python3.12/site-packages/airflow/example_dags/example_datasets.py for tasks to queue
[2026-08-12T04:33:04.017+0000] {logging_mixin.py:190} INFO - [2026-08-12T04:33:04.016+0000] {dagbag.py:587} INFO - Filling up the DagBag from /home/airflow/.local/lib/python3.12/site-packages/airflow/example_dags/example_datasets.py
[2026-08-12T04:33:04.289+0000] {processor.py:925} INFO - DAG(s) 'consume_1_or_2_with_dataset_expressions', 'dataset_consumes_1_never_scheduled', 'dataset_consumes_1', 'dataset_consumes_unknown_never_scheduled', 'dataset_produces_1', 'dataset_produces_2', 'consume_1_or_both_2_and_3_with_dataset_expressions', 'consume_1_and_2_with_dataset_expressions', 'dataset_consumes_1_and_2', 'conditional_dataset_and_time_based_timetable' retrieved from /home/airflow/.local/lib/python3.12/site-packages/airflow/example_dags/example_datasets.py
[2026-08-12T04:33:04.364+0000] {logging_mixin.py:190} INFO - [2026-08-12T04:33:04.363+0000] {dag.py:3211} INFO - Sync 10 DAGs
[2026-08-12T04:33:04.394+0000] {logging_mixin.py:190} INFO - [2026-08-12T04:33:04.394+0000] {dag.py:4138} INFO - Setting next_dagrun for conditional_dataset_and_time_based_timetable to 2026-08-12 01:00:00+00:00, run_after=2026-08-12 01:00:00+00:00
[2026-08-12T04:33:04.400+0000] {logging_mixin.py:190} INFO - [2026-08-12T04:33:04.400+0000] {dag.py:4138} INFO - Setting next_dagrun for consume_1_and_2_with_dataset_expressions to None, run_after=None
[2026-08-12T04:33:04.402+0000] {logging_mixin.py:190} INFO - [2026-08-12T04:33:04.402+0000] {dag.py:4138} INFO - Setting next_dagrun for consume_1_or_2_with_dataset_expressions to None, run_after=None
[2026-08-12T04:33:04.405+0000] {logging_mixin.py:190} INFO - [2026-08-12T04:33:04.405+0000] {dag.py:4138} INFO - Setting next_dagrun for consume_1_or_both_2_and_3_with_dataset_expressions to None, run_after=None
[2026-08-12T04:33:04.408+0000] {logging_mixin.py:190} INFO - [2026-08-12T04:33:04.408+0000] {dag.py:4138} INFO - Setting next_dagrun for dataset_consumes_1 to None, run_after=None
[2026-08-12T04:33:04.411+0000] {logging_mixin.py:190} INFO - [2026-08-12T04:33:04.411+0000] {dag.py:4138} INFO - Setting next_dagrun for dataset_consumes_1_and_2 to None, run_after=None
[2026-08-12T04:33:04.414+0000] {logging_mixin.py:190} INFO - [2026-08-12T04:33:04.413+0000] {dag.py:4138} INFO - Setting next_dagrun for dataset_consumes_1_never_scheduled to None, run_after=None
[2026-08-12T04:33:04.416+0000] {logging_mixin.py:190} INFO - [2026-08-12T04:33:04.416+0000] {dag.py:4138} INFO - Setting next_dagrun for dataset_consumes_unknown_never_scheduled to None, run_after=None
[2026-08-12T04:33:04.419+0000] {logging_mixin.py:190} INFO - [2026-08-12T04:33:04.419+0000] {dag.py:4138} INFO - Setting next_dagrun for dataset_produces_1 to 2026-08-11 00:00:00+00:00, run_after=2026-08-12 00:00:00+00:00
[2026-08-12T04:33:04.421+0000] {logging_mixin.py:190} INFO - [2026-08-12T04:33:04.421+0000] {dag.py:4138} INFO - Setting next_dagrun for dataset_produces_2 to None, run_after=None
[2026-08-12T04:33:04.477+0000] {processor.py:208} INFO - Processing /home/airflow/.local/lib/python3.12/site-packages/airflow/example_dags/example_datasets.py took 0.491 seconds
[2026-08-12T04:33:35.084+0000] {processor.py:186} INFO - Started process (PID=288) to work on /home/airflow/.local/lib/python3.12/site-packages/airflow/example_dags/example_datasets.py
[2026-08-12T04:33:35.087+0000] {processor.py:914} INFO - Processing file /home/airflow/.local/lib/python3.12/site-packages/airflow/example_dags/example_datasets.py for tasks to queue
[2026-08-12T04:33:35.096+0000] {logging_mixin.py:190} INFO - [2026-08-12T04:33:35.092+0000] {dagbag.py:587} INFO - Filling up the DagBag from /home/airflow/.local/lib/python3.12/site-packages/airflow/example_dags/example_datasets.py
[2026-08-12T04:33:35.363+0000] {processor.py:925} INFO - DAG(s) 'dataset_produces_1', 'dataset_produces_2', 'dataset_consumes_1', 'dataset_consumes_1_and_2', 'conditional_dataset_and_time_based_timetable', 'consume_1_and_2_with_dataset_expressions', 'consume_1_or_both_2_and_3_with_dataset_expressions', 'consume_1_or_2_with_dataset_expressions', 'dataset_consumes_1_never_scheduled', 'dataset_consumes_unknown_never_scheduled' retrieved from /home/airflow/.local/lib/python3.12/site-packages/airflow/example_dags/example_datasets.py
[2026-08-12T04:33:35.447+0000] {logging_mixin.py:190} INFO - [2026-08-12T04:33:35.446+0000] {dag.py:3211} INFO - Sync 10 DAGs
[2026-08-12T04:33:35.505+0000] {logging_mixin.py:190} INFO - [2026-08-12T04:33:35.505+0000] {dag.py:4138} INFO - Setting next_dagrun for conditional_dataset_and_time_based_timetable to 2026-08-12 01:00:00+00:00, run_after=2026-08-12 01:00:00+00:00
[2026-08-12T04:33:35.513+0000] {logging_mixin.py:190} INFO - [2026-08-12T04:33:35.513+0000] {dag.py:4138} INFO - Setting next_dagrun for consume_1_and_2_with_dataset_expressions to None, run_after=None
[2026-08-12T04:33:35.517+0000] {logging_mixin.py:190} INFO - [2026-08-12T04:33:35.517+0000] {dag.py:4138} INFO - Setting next_dagrun for consume_1_or_2_with_dataset_expressions to None, run_after=None
[2026-08-12T04:33:35.522+0000] {logging_mixin.py:190} INFO - [2026-08-12T04:33:35.522+0000] {dag.py:4138} INFO - Setting next_dagrun for consume_1_or_both_2_and_3_with_dataset_expressions to None, run_after=None
[2026-08-12T04:33:35.525+0000] {logging_mixin.py:190} INFO - [2026-08-12T04:33:35.525+0000] {dag.py:4138} INFO - Setting next_dagrun for dataset_consumes_1 to None, run_after=None
[2026-08-12T04:33:35.528+0000] {logging_mixin.py:190} INFO - [2026-08-12T04:33:35.528+0000] {dag.py:4138} INFO - Setting next_dagrun for dataset_consumes_1_and_2 to None, run_after=None
[2026-08-12T04:33:35.530+0000] {logging_mixin.py:190} INFO - [2026-08-12T04:33:35.530+0000] {dag.py:4138} INFO - Setting next_dagrun for dataset_consumes_1_never_scheduled to None, run_after=None
[2026-08-12T04:33:35.535+0000] {logging_mixin.py:190} INFO - [2026-08-12T04:33:35.534+0000] {dag.py:4138} INFO - Setting next_dagrun for dataset_consumes_unknown_never_scheduled to None, run_after=None
[2026-08-12T04:33:35.543+0000] {logging_mixin.py:190} INFO - [2026-08-12T04:33:35.542+0000] {dag.py:4138} INFO - Setting next_dagrun for dataset_produces_1 to 2026-08-11 00:00:00+00:00, run_after=2026-08-12 00:00:00+00:00
[2026-08-12T04:33:35.546+0000] {logging_mixin.py:190} INFO - [2026-08-12T04:33:35.545+0000] {dag.py:4138} INFO - Setting next_dagrun for dataset_produces_2 to None, run_after=None
[2026-08-12T04:33:35.611+0000] {processor.py:208} INFO - Processing /home/airflow/.local/lib/python3.12/site-packages/airflow/example_dags/example_datasets.py took 0.541 seconds
[2026-08-12T04:34:05.687+0000] {processor.py:186} INFO - Started process (PID=352) to work on /home/airflow/.local/lib/python3.12/site-packages/airflow/example_dags/example_datasets.py
[2026-08-12T04:34:05.688+0000] {processor.py:914} INFO - Processing file /home/airflow/.local/lib/python3.12/site-packages/airflow/example_dags/example_datasets.py for tasks to queue
[2026-08-12T04:34:05.691+0000] {logging_mixin.py:190} INFO - [2026-08-12T04:34:05.690+0000] {dagbag.py:587} INFO - Filling up the DagBag from /home/airflow/.local/lib/python3.12/site-packages/airflow/example_dags/example_datasets.py
[2026-08-12T04:34:05.832+0000] {processor.py:925} INFO - DAG(s) 'dataset_produces_2', 'consume_1_and_2_with_dataset_expressions', 'dataset_consumes_1', 'dataset_produces_1', 'dataset_consumes_unknown_never_scheduled', 'dataset_consumes_1_never_scheduled', 'consume_1_or_2_with_dataset_expressions', 'conditional_dataset_and_time_based_timetable', 'consume_1_or_both_2_and_3_with_dataset_expressions', 'dataset_consumes_1_and_2' retrieved from /home/airflow/.local/lib/python3.12/site-packages/airflow/example_dags/example_datasets.py
[2026-08-12T04:34:05.874+0000] {logging_mixin.py:190} INFO - [2026-08-12T04:34:05.873+0000] {dag.py:3211} INFO - Sync 10 DAGs
[2026-08-12T04:34:05.900+0000] {logging_mixin.py:190} INFO - [2026-08-12T04:34:05.899+0000] {dag.py:4138} INFO - Setting next_dagrun for conditional_dataset_and_time_based_timetable to 2026-08-12 01:00:00+00:00, run_after=2026-08-12 01:00:00+00:00
[2026-08-12T04:34:05.906+0000] {logging_mixin.py:190} INFO - [2026-08-12T04:34:05.905+0000] {dag.py:4138} INFO - Setting next_dagrun for consume_1_and_2_with_dataset_expressions to None, run_after=None
[2026-08-12T04:34:05.916+0000] {logging_mixin.py:190} INFO - [2026-08-12T04:34:05.915+0000] {dag.py:4138} INFO - Setting next_dagrun for consume_1_or_2_with_dataset_expressions to None, run_after=None
[2026-08-12T04:34:05.919+0000] {logging_mixin.py:190} INFO - [2026-08-12T04:34:05.919+0000] {dag.py:4138} INFO - Setting next_dagrun for consume_1_or_both_2_and_3_with_dataset_expressions to None, run_after=None
[2026-08-12T04:34:05.922+0000] {logging_mixin.py:190} INFO - [2026-08-12T04:34:05.922+0000] {dag.py:4138} INFO - Setting next_dagrun for dataset_consumes_1 to None, run_after=None
[2026-08-12T04:34:05.925+0000] {logging_mixin.py:190} INFO - [2026-08-12T04:34:05.925+0000] {dag.py:4138} INFO - Setting next_dagrun for dataset_consumes_1_and_2 to None, run_after=None
[2026-08-12T04:34:05.928+0000] {logging_mixin.py:190} INFO - [2026-08-12T04:34:05.928+0000] {dag.py:4138} INFO - Setting next_dagrun for dataset_consumes_1_never_scheduled to None, run_after=None
[2026-08-12T04:34:05.931+0000] {logging_mixin.py:190} INFO - [2026-08-12T04:34:05.931+0000] {dag.py:4138} INFO - Setting next_dagrun for dataset_consumes_unknown_never_scheduled to None, run_after=None
[2026-08-12T04:34:05.936+0000] {logging_mixin.py:190} INFO - [2026-08-12T04:34:05.935+0000] {dag.py:4138} INFO - Setting next_dagrun for dataset_produces_1 to 2026-08-11 00:00:00+00:00, run_after=2026-08-12 00:00:00+00:00
[2026-08-12T04:34:05.939+0000] {logging_mixin.py:190} INFO - [2026-08-12T04:34:05.938+0000] {dag.py:4138} INFO - Setting next_dagrun for dataset_produces_2 to None, run_after=None
[2026-08-12T04:34:05.975+0000] {processor.py:208} INFO - Processing /home/airflow/.local/lib/python3.12/site-packages/airflow/example_dags/example_datasets.py took 0.293 seconds
[2026-08-12T04:34:36.194+0000] {processor.py:186} INFO - Started process (PID=414) to work on /home/airflow/.local/lib/python3.12/site-packages/airflow/example_dags/example_datasets.py
[2026-08-12T04:34:36.195+0000] {processor.py:914} INFO - Processing file /home/airflow/.local/lib/python3.12/site-packages/airflow/example_dags/example_datasets.py for tasks to queue
[2026-08-12T04:34:36.199+0000] {logging_mixin.py:190} INFO - [2026-08-12T04:34:36.198+0000] {dagbag.py:587} INFO - Filling up the DagBag from /home/airflow/.local/lib/python3.12/site-packages/airflow/example_dags/example_datasets.py
[2026-08-12T04:34:36.334+0000] {processor.py:925} INFO - DAG(s) 'consume_1_or_both_2_and_3_with_dataset_expressions', 'dataset_produces_2', 'dataset_consumes_unknown_never_scheduled', 'consume_1_and_2_with_dataset_expressions', 'conditional_dataset_and_time_based_timetable', 'dataset_produces_1', 'dataset_consumes_1_never_scheduled', 'dataset_consumes_1_and_2', 'consume_1_or_2_with_dataset_expressions', 'dataset_consumes_1' retrieved from /home/airflow/.local/lib/python3.12/site-packages/airflow/example_dags/example_datasets.py
[2026-08-12T04:34:36.397+0000] {logging_mixin.py:190} INFO - [2026-08-12T04:34:36.397+0000] {dag.py:3211} INFO - Sync 10 DAGs
[2026-08-12T04:34:36.424+0000] {logging_mixin.py:190} INFO - [2026-08-12T04:34:36.424+0000] {dag.py:4138} INFO - Setting next_dagrun for conditional_dataset_and_time_based_timetable to 2026-08-12 01:00:00+00:00, run_after=2026-08-12 01:00:00+00:00
[2026-08-12T04:34:36.430+0000] {logging_mixin.py:190} INFO - [2026-08-12T04:34:36.430+0000] {dag.py:4138} INFO - Setting next_dagrun for consume_1_and_2_with_dataset_expressions to None, run_after=None
[2026-08-12T04:34:36.433+0000] {logging_mixin.py:190} INFO - [2026-08-12T04:34:36.433+0000] {dag.py:4138} INFO - Setting next_dagrun for consume_1_or_2_with_dataset_expressions to None, run_after=None
[2026-08-12T04:34:36.436+0000] {logging_mixin.py:190} INFO - [2026-08-12T04:34:36.436+0000] {dag.py:4138} INFO - Setting next_dagrun for consume_1_or_both_2_and_3_with_dataset_expressions to None, run_after=None
[2026-08-12T04:34:36.439+0000] {logging_mixin.py:190} INFO - [2026-08-12T04:34:36.439+0000] {dag.py:4138} INFO - Setting next_dagrun for dataset_consumes_1 to None, run_after=None
[2026-08-12T04:34:36.442+0000] {logging_mixin.py:190} INFO - [2026-08-12T04:34:36.442+0000] {dag.py:4138} INFO - Setting next_dagrun for dataset_consumes_1_and_2 to None, run_after=None
[2026-08-12T04:34:36.447+0000] {logging_mixin.py:190} INFO - [2026-08-12T04:34:36.447+0000] {dag.py:4138} INFO - Setting next_dagrun for dataset_consumes_1_never_scheduled to None, run_after=None
[2026-08-12T04:34:36.450+0000] {logging_mixin.py:190} INFO - [2026-08-12T04:34:36.450+0000] {dag.py:4138} INFO - Setting next_dagrun for dataset_consumes_unknown_never_scheduled to None, run_after=None
[2026-08-12T04:34:36.453+0000] {logging_mixin.py:190} INFO - [2026-08-12T04:34:36.453+0000] {dag.py:4138} INFO - Setting next_dagrun for dataset_produces_1 to 2026-08-11 00:00:00+00:00, run_after=2026-08-12 00:00:00+00:00
[2026-08-12T04:34:36.455+0000] {logging_mixin.py:190} INFO - [2026-08-12T04:34:36.455+0000] {dag.py:4138} INFO - Setting next_dagrun for dataset_produces_2 to None, run_after=None
[2026-08-12T04:34:36.489+0000] {processor.py:208} INFO - Processing /home/airflow/.local/lib/python3.12/site-packages/airflow/example_dags/example_datasets.py took 0.302 seconds
[2026-08-12T04:35:06.561+0000] {processor.py:186} INFO - Started process (PID=474) to work on /home/airflow/.local/lib/python3.12/site-packages/airflow/example_dags/example_datasets.py
[2026-08-12T04:35:06.562+0000] {processor.py:914} INFO - Processing file /home/airflow/.local/lib/python3.12/site-packages/airflow/example_dags/example_datasets.py for tasks to queue
[2026-08-12T04:35:06.565+0000] {logging_mixin.py:190} INFO - [2026-08-12T04:35:06.565+0000] {dagbag.py:587} INFO - Filling up the DagBag from /home/airflow/.local/lib/python3.12/site-packages/airflow/example_dags/example_datasets.py
[2026-08-12T04:35:06.750+0000] {processor.py:925} INFO - DAG(s) 'dataset_produces_1', 'consume_1_or_2_with_dataset_expressions', 'consume_1_or_both_2_and_3_with_dataset_expressions', 'dataset_consumes_1_and_2', 'dataset_produces_2', 'dataset_consumes_1', 'dataset_consumes_unknown_never_scheduled', 'consume_1_and_2_with_dataset_expressions', 'conditional_dataset_and_time_based_timetable', 'dataset_consumes_1_never_scheduled' retrieved from /home/airflow/.local/lib/python3.12/site-packages/airflow/example_dags/example_datasets.py
[2026-08-12T04:35:06.813+0000] {logging_mixin.py:190} INFO - [2026-08-12T04:35:06.813+0000] {dag.py:3211} INFO - Sync 10 DAGs
[2026-08-12T04:35:06.842+0000] {logging_mixin.py:190} INFO - [2026-08-12T04:35:06.841+0000] {dag.py:4138} INFO - Setting next_dagrun for conditional_dataset_and_time_based_timetable to 2026-08-12 01:00:00+00:00, run_after=2026-08-12 01:00:00+00:00
[2026-08-12T04:35:06.846+0000] {logging_mixin.py:190} INFO - [2026-08-12T04:35:06.846+0000] {dag.py:4138} INFO - Setting next_dagrun for consume_1_and_2_with_dataset_expressions to None, run_after=None
[2026-08-12T04:35:06.849+0000] {logging_mixin.py:190} INFO - [2026-08-12T04:35:06.848+0000] {dag.py:4138} INFO - Setting next_dagrun for consume_1_or_2_with_dataset_expressions to None, run_after=None
[2026-08-12T04:35:06.852+0000] {logging_mixin.py:190} INFO - [2026-08-12T04:35:06.852+0000] {dag.py:4138} INFO - Setting next_dagrun for consume_1_or_both_2_and_3_with_dataset_expressions to None, run_after=None
[2026-08-12T04:35:06.856+0000] {logging_mixin.py:190} INFO - [2026-08-12T04:35:06.856+0000] {dag.py:4138} INFO - Setting next_dagrun for dataset_consumes_1 to None, run_after=None
[2026-08-12T04:35:06.858+0000] {logging_mixin.py:190} INFO - [2026-08-12T04:35:06.858+0000] {dag.py:4138} INFO - Setting next_dagrun for dataset_consumes_1_and_2 to None, run_after=None
[2026-08-12T04:35:06.861+0000] {logging_mixin.py:190} INFO - [2026-08-12T04:35:06.860+0000] {dag.py:4138} INFO - Setting next_dagrun for dataset_consumes_1_never_scheduled to None, run_after=None
[2026-08-12T04:35:06.863+0000] {logging_mixin.py:190} INFO - [2026-08-12T04:35:06.863+0000] {dag.py:4138} INFO - Setting next_dagrun for dataset_consumes_unknown_never_scheduled to None, run_after=None
[2026-08-12T04:35:06.866+0000] {logging_mixin.py:190} INFO - [2026-08-12T04:35:06.866+0000] {dag.py:4138} INFO - Setting next_dagrun for dataset_produces_1 to 2026-08-11 00:00:00+00:00, run_after=2026-08-12 00:00:00+00:00
[2026-08-12T04:35:06.868+0000] {logging_mixin.py:190} INFO - [2026-08-12T04:35:06.868+0000] {dag.py:4138} INFO - Setting next_dagrun for dataset_produces_2 to None, run_after=None
[2026-08-12T04:35:06.911+0000] {processor.py:208} INFO - Processing /home/airflow/.local/lib/python3.12/site-packages/airflow/example_dags/example_datasets.py took 0.356 seconds
[2026-08-12T04:35:37.116+0000] {processor.py:186} INFO - Started process (PID=537) to work on /home/airflow/.local/lib/python3.12/site-packages/airflow/example_dags/example_datasets.py
[2026-08-12T04:35:37.118+0000] {processor.py:914} INFO - Processing file /home/airflow/.local/lib/python3.12/site-packages/airflow/example_dags/example_datasets.py for tasks to queue
[2026-08-12T04:35:37.122+0000] {logging_mixin.py:190} INFO - [2026-08-12T04:35:37.122+0000] {dagbag.py:587} INFO - Filling up the DagBag from /home/airflow/.local/lib/python3.12/site-packages/airflow/example_dags/example_datasets.py
[2026-08-12T04:35:37.293+0000] {processor.py:925} INFO - DAG(s) 'dataset_produces_2', 'dataset_consumes_1', 'conditional_dataset_and_time_based_timetable', 'consume_1_or_2_with_dataset_expressions', 'dataset_consumes_unknown_never_scheduled', 'dataset_consumes_1_and_2', 'consume_1_or_both_2_and_3_with_dataset_expressions', 'dataset_consumes_1_never_scheduled', 'consume_1_and_2_with_dataset_expressions', 'dataset_produces_1' retrieved from /home/airflow/.local/lib/python3.12/site-packages/airflow/example_dags/example_datasets.py
[2026-08-12T04:35:37.337+0000] {logging_mixin.py:190} INFO - [2026-08-12T04:35:37.336+0000] {dag.py:3211} INFO - Sync 10 DAGs
[2026-08-12T04:35:37.360+0000] {logging_mixin.py:190} INFO - [2026-08-12T04:35:37.360+0000] {dag.py:4138} INFO - Setting next_dagrun for conditional_dataset_and_time_based_timetable to 2026-08-12 01:00:00+00:00, run_after=2026-08-12 01:00:00+00:00
[2026-08-12T04:35:37.364+0000] {logging_mixin.py:190} INFO - [2026-08-12T04:35:37.364+0000] {dag.py:4138} INFO - Setting next_dagrun for consume_1_and_2_with_dataset_expressions to None, run_after=None
[2026-08-12T04:35:37.366+0000] {logging_mixin.py:190} INFO - [2026-08-12T04:35:37.366+0000] {dag.py:4138} INFO - Setting next_dagrun for consume_1_or_2_with_dataset_expressions to None, run_after=None
[2026-08-12T04:35:37.369+0000] {logging_mixin.py:190} INFO - [2026-08-12T04:35:37.369+0000] {dag.py:4138} INFO - Setting next_dagrun for consume_1_or_both_2_and_3_with_dataset_expressions to None, run_after=None
[2026-08-12T04:35:37.371+0000] {logging_mixin.py:190} INFO - [2026-08-12T04:35:37.371+0000] {dag.py:4138} INFO - Setting next_dagrun for dataset_consumes_1 to None, run_after=None
[2026-08-12T04:35:37.373+0000] {logging_mixin.py:190} INFO - [2026-08-12T04:35:37.373+0000] {dag.py:4138} INFO - Setting next_dagrun for dataset_consumes_1_and_2 to None, run_after=None
[2026-08-12T04:35:37.375+0000] {logging_mixin.py:190} INFO - [2026-08-12T04:35:37.375+0000] {dag.py:4138} INFO - Setting next_dagrun for dataset_consumes_1_never_scheduled to None, run_after=None
[2026-08-12T04:35:37.378+0000] {logging_mixin.py:190} INFO - [2026-08-12T04:35:37.377+0000] {dag.py:4138} INFO - Setting next_dagrun for dataset_consumes_unknown_never_scheduled to None, run_after=None
[2026-08-12T04:35:37.381+0000] {logging_mixin.py:190} INFO - [2026-08-12T04:35:37.381+0000] {dag.py:4138} INFO - Setting next_dagrun for dataset_produces_1 to 2026-08-11 00:00:00+00:00, run_after=2026-08-12 00:00:00+00:00
[2026-08-12T04:35:37.384+0000] {logging_mixin.py:190} INFO - [2026-08-12T04:35:37.384+0000] {dag.py:4138} INFO - Setting next_dagrun for dataset_produces_2 to None, run_after=None
[2026-08-12T04:35:37.419+0000] {processor.py:208} INFO - Processing /home/airflow/.local/lib/python3.12/site-packages/airflow/example_dags/example_datasets.py took 0.310 seconds
[2026-08-12T04:36:07.456+0000] {processor.py:186} INFO - Started process (PID=599) to work on /home/airflow/.local/lib/python3.12/site-packages/airflow/example_dags/example_datasets.py
[2026-08-12T04:36:07.457+0000] {processor.py:914} INFO - Processing file /home/airflow/.local/lib/python3.12/site-packages/airflow/example_dags/example_datasets.py for tasks to queue
[2026-08-12T04:36:07.460+0000] {logging_mixin.py:190} INFO - [2026-08-12T04:36:07.460+0000] {dagbag.py:587} INFO - Filling up the DagBag from /home/airflow/.local/lib/python3.12/site-packages/airflow/example_dags/example_datasets.py
[2026-08-12T04:36:07.648+0000] {processor.py:925} INFO - DAG(s) 'consume_1_or_both_2_and_3_with_dataset_expressions', 'conditional_dataset_and_time_based_timetable', 'consume_1_and_2_with_dataset_expressions', 'consume_1_or_2_with_dataset_expressions', 'dataset_consumes_unknown_never_scheduled', 'dataset_consumes_1', 'dataset_consumes_1_and_2', 'dataset_produces_2', 'dataset_produces_1', 'dataset_consumes_1_never_scheduled' retrieved from /home/airflow/.local/lib/python3.12/site-packages/airflow/example_dags/example_datasets.py
[2026-08-12T04:36:07.698+0000] {logging_mixin.py:190} INFO - [2026-08-12T04:36:07.697+0000] {dag.py:3211} INFO - Sync 10 DAGs
[2026-08-12T04:36:07.724+0000] {logging_mixin.py:190} INFO - [2026-08-12T04:36:07.724+0000] {dag.py:4138} INFO - Setting next_dagrun for conditional_dataset_and_time_based_timetable to 2026-08-12 01:00:00+00:00, run_after=2026-08-12 01:00:00+00:00
[2026-08-12T04:36:07.733+0000] {logging_mixin.py:190} INFO - [2026-08-12T04:36:07.733+0000] {dag.py:4138} INFO - Setting next_dagrun for consume_1_and_2_with_dataset_expressions to None, run_after=None
[2026-08-12T04:36:07.736+0000] {logging_mixin.py:190} INFO - [2026-08-12T04:36:07.736+0000] {dag.py:4138} INFO - Setting next_dagrun for consume_1_or_2_with_dataset_expressions to None, run_after=None
[2026-08-12T04:36:07.738+0000] {logging_mixin.py:190} INFO - [2026-08-12T04:36:07.738+0000] {dag.py:4138} INFO - Setting next_dagrun for consume_1_or_both_2_and_3_with_dataset_expressions to None, run_after=None
[2026-08-12T04:36:07.740+0000] {logging_mixin.py:190} INFO - [2026-08-12T04:36:07.740+0000] {dag.py:4138} INFO - Setting next_dagrun for dataset_consumes_1 to None, run_after=None
[2026-08-12T04:36:07.743+0000] {logging_mixin.py:190} INFO - [2026-08-12T04:36:07.743+0000] {dag.py:4138} INFO - Setting next_dagrun for dataset_consumes_1_and_2 to None, run_after=None
[2026-08-12T04:36:07.745+0000] {logging_mixin.py:190} INFO - [2026-08-12T04:36:07.745+0000] {dag.py:4138} INFO - Setting next_dagrun for dataset_consumes_1_never_scheduled to None, run_after=None
[2026-08-12T04:36:07.748+0000] {logging_mixin.py:190} INFO - [2026-08-12T04:36:07.748+0000] {dag.py:4138} INFO - Setting next_dagrun for dataset_consumes_unknown_never_scheduled to None, run_after=None
[2026-08-12T04:36:07.752+0000] {logging_mixin.py:190} INFO - [2026-08-12T04:36:07.751+0000] {dag.py:4138} INFO - Setting next_dagrun for dataset_produces_1 to 2026-08-11 00:00:00+00:00, run_after=2026-08-12 00:00:00+00:00
[2026-08-12T04:36:07.754+0000] {logging_mixin.py:190} INFO - [2026-08-12T04:36:07.754+0000] {dag.py:4138} INFO - Setting next_dagrun for dataset_produces_2 to None, run_after=None
[2026-08-12T04:36:07.791+0000] {processor.py:208} INFO - Processing /home/airflow/.local/lib/python3.12/site-packages/airflow/example_dags/example_datasets.py took 0.341 seconds
[2026-08-12T04:36:38.064+0000] {processor.py:186} INFO - Started process (PID=663) to work on /home/airflow/.local/lib/python3.12/site-packages/airflow/example_dags/example_datasets.py
[2026-08-12T04:36:38.066+0000] {processor.py:914} INFO - Processing file /home/airflow/.local/lib/python3.12/site-packages/airflow/example_dags/example_datasets.py for tasks to queue
[2026-08-12T04:36:38.070+0000] {logging_mixin.py:190} INFO - [2026-08-12T04:36:38.069+0000] {dagbag.py:587} INFO - Filling up the DagBag from /home/airflow/.local/lib/python3.12/site-packages/airflow/example_dags/example_datasets.py
[2026-08-12T04:36:38.259+0000] {processor.py:925} INFO - DAG(s) 'dataset_consumes_1', 'consume_1_and_2_with_dataset_expressions', 'dataset_produces_2', 'conditional_dataset_and_time_based_timetable', 'dataset_consumes_1_never_scheduled', 'consume_1_or_both_2_and_3_with_dataset_expressions', 'dataset_consumes_1_and_2', 'dataset_produces_1', 'dataset_consumes_unknown_never_scheduled', 'consume_1_or_2_with_dataset_expressions' retrieved from /home/airflow/.local/lib/python3.12/site-packages/airflow/example_dags/example_datasets.py
[2026-08-12T04:36:38.309+0000] {logging_mixin.py:190} INFO - [2026-08-12T04:36:38.308+0000] {dag.py:3211} INFO - Sync 10 DAGs
[2026-08-12T04:36:38.339+0000] {logging_mixin.py:190} INFO - [2026-08-12T04:36:38.339+0000] {dag.py:4138} INFO - Setting next_dagrun for conditional_dataset_and_time_based_timetable to 2026-08-12 01:00:00+00:00, run_after=2026-08-12 01:00:00+00:00
[2026-08-12T04:36:38.344+0000] {logging_mixin.py:190} INFO - [2026-08-12T04:36:38.344+0000] {dag.py:4138} INFO - Setting next_dagrun for consume_1_and_2_with_dataset_expressions to None, run_after=None
[2026-08-12T04:36:38.347+0000] {logging_mixin.py:190} INFO - [2026-08-12T04:36:38.347+0000] {dag.py:4138} INFO - Setting next_dagrun for consume_1_or_2_with_dataset_expressions to None, run_after=None
[2026-08-12T04:36:38.349+0000] {logging_mixin.py:190} INFO - [2026-08-12T04:36:38.349+0000] {dag.py:4138} INFO - Setting next_dagrun for consume_1_or_both_2_and_3_with_dataset_expressions to None, run_after=None
[2026-08-12T04:36:38.351+0000] {logging_mixin.py:190} INFO - [2026-08-12T04:36:38.351+0000] {dag.py:4138} INFO - Setting next_dagrun for dataset_consumes_1 to None, run_after=None
[2026-08-12T04:36:38.353+0000] {logging_mixin.py:190} INFO - [2026-08-12T04:36:38.353+0000] {dag.py:4138} INFO - Setting next_dagrun for dataset_consumes_1_and_2 to None, run_after=None
[2026-08-12T04:36:38.355+0000] {logging_mixin.py:190} INFO - [2026-08-12T04:36:38.355+0000] {dag.py:4138} INFO - Setting next_dagrun for dataset_consumes_1_never_scheduled to None, run_after=None
[2026-08-12T04:36:38.357+0000] {logging_mixin.py:190} INFO - [2026-08-12T04:36:38.357+0000] {dag.py:4138} INFO - Setting next_dagrun for dataset_consumes_unknown_never_scheduled to None, run_after=None
[2026-08-12T04:36:38.360+0000] {logging_mixin.py:190} INFO - [2026-08-12T04:36:38.360+0000] {dag.py:4138} INFO - Setting next_dagrun for dataset_produces_1 to 2026-08-11 00:00:00+00:00, run_after=2026-08-12 00:00:00+00:00
[2026-08-12T04:36:38.362+0000] {logging_mixin.py:190} INFO - [2026-08-12T04:36:38.362+0000] {dag.py:4138} INFO - Setting next_dagrun for dataset_produces_2 to None, run_after=None
[2026-08-12T04:36:38.396+0000] {processor.py:208} INFO - Processing /home/airflow/.local/lib/python3.12/site-packages/airflow/example_dags/example_datasets.py took 0.340 seconds
[2026-08-12T04:37:08.736+0000] {processor.py:186} INFO - Started process (PID=723) to work on /home/airflow/.local/lib/python3.12/site-packages/airflow/example_dags/example_datasets.py
[2026-08-12T04:37:08.737+0000] {processor.py:914} INFO - Processing file /home/airflow/.local/lib/python3.12/site-packages/airflow/example_dags/example_datasets.py for tasks to queue
[2026-08-12T04:37:08.740+0000] {logging_mixin.py:190} INFO - [2026-08-12T04:37:08.740+0000] {dagbag.py:587} INFO - Filling up the DagBag from /home/airflow/.local/lib/python3.12/site-packages/airflow/example_dags/example_datasets.py
[2026-08-12T04:37:08.881+0000] {processor.py:925} INFO - DAG(s) 'consume_1_or_both_2_and_3_with_dataset_expressions', 'dataset_consumes_unknown_never_scheduled', 'conditional_dataset_and_time_based_timetable', 'dataset_produces_2', 'consume_1_or_2_with_dataset_expressions', 'dataset_consumes_1', 'consume_1_and_2_with_dataset_expressions', 'dataset_consumes_1_never_scheduled', 'dataset_consumes_1_and_2', 'dataset_produces_1' retrieved from /home/airflow/.local/lib/python3.12/site-packages/airflow/example_dags/example_datasets.py
[2026-08-12T04:37:08.921+0000] {logging_mixin.py:190} INFO - [2026-08-12T04:37:08.921+0000] {dag.py:3211} INFO - Sync 10 DAGs
[2026-08-12T04:37:08.943+0000] {logging_mixin.py:190} INFO - [2026-08-12T04:37:08.943+0000] {dag.py:4138} INFO - Setting next_dagrun for conditional_dataset_and_time_based_timetable to 2026-08-12 01:00:00+00:00, run_after=2026-08-12 01:00:00+00:00
[2026-08-12T04:37:08.947+0000] {logging_mixin.py:190} INFO - [2026-08-12T04:37:08.947+0000] {dag.py:4138} INFO - Setting next_dagrun for consume_1_and_2_with_dataset_expressions to None, run_after=None
[2026-08-12T04:37:08.951+0000] {logging_mixin.py:190} INFO - [2026-08-12T04:37:08.951+0000] {dag.py:4138} INFO - Setting next_dagrun for consume_1_or_2_with_dataset_expressions to None, run_after=None
[2026-08-12T04:37:08.953+0000] {logging_mixin.py:190} INFO - [2026-08-12T04:37:08.953+0000] {dag.py:4138} INFO - Setting next_dagrun for consume_1_or_both_2_and_3_with_dataset_expressions to None, run_after=None
[2026-08-12T04:37:08.955+0000] {logging_mixin.py:190} INFO - [2026-08-12T04:37:08.955+0000] {dag.py:4138} INFO - Setting next_dagrun for dataset_consumes_1 to None, run_after=None
[2026-08-12T04:37:08.958+0000] {logging_mixin.py:190} INFO - [2026-08-12T04:37:08.957+0000] {dag.py:4138} INFO - Setting next_dagrun for dataset_consumes_1_and_2 to None, run_after=None
[2026-08-12T04:37:08.960+0000] {logging_mixin.py:190} INFO - [2026-08-12T04:37:08.960+0000] {dag.py:4138} INFO - Setting next_dagrun for dataset_consumes_1_never_scheduled to None, run_after=None
[2026-08-12T04:37:08.962+0000] {logging_mixin.py:190} INFO - [2026-08-12T04:37:08.962+0000] {dag.py:4138} INFO - Setting next_dagrun for dataset_consumes_unknown_never_scheduled to None, run_after=None
[2026-08-12T04:37:08.965+0000] {logging_mixin.py:190} INFO - [2026-08-12T04:37:08.965+0000] {dag.py:4138} INFO - Setting next_dagrun for dataset_produces_1 to 2026-08-11 00:00:00+00:00, run_after=2026-08-12 00:00:00+00:00
[2026-08-12T04:37:08.968+0000] {logging_mixin.py:190} INFO - [2026-08-12T04:37:08.967+0000] {dag.py:4138} INFO - Setting next_dagrun for dataset_produces_2 to None, run_after=None
[2026-08-12T04:37:09.006+0000] {processor.py:208} INFO - Processing /home/airflow/.local/lib/python3.12/site-packages/airflow/example_dags/example_datasets.py took 0.276 seconds
[2026-08-12T04:37:39.103+0000] {processor.py:186} INFO - Started process (PID=785) to work on /home/airflow/.local/lib/python3.12/site-packages/airflow/example_dags/example_datasets.py
[2026-08-12T04:37:39.105+0000] {processor.py:914} INFO - Processing file /home/airflow/.local/lib/python3.12/site-packages/airflow/example_dags/example_datasets.py for tasks to queue
[2026-08-12T04:37:39.108+0000] {logging_mixin.py:190} INFO - [2026-08-12T04:37:39.107+0000] {dagbag.py:587} INFO - Filling up the DagBag from /home/airflow/.local/lib/python3.12/site-packages/airflow/example_dags/example_datasets.py
[2026-08-12T04:37:39.274+0000] {processor.py:925} INFO - DAG(s) 'dataset_produces_2', 'consume_1_or_2_with_dataset_expressions', 'dataset_produces_1', 'conditional_dataset_and_time_based_timetable', 'dataset_consumes_unknown_never_scheduled', 'dataset_consumes_1_and_2', 'dataset_consumes_1_never_scheduled', 'consume_1_and_2_with_dataset_expressions', 'consume_1_or_both_2_and_3_with_dataset_expressions', 'dataset_consumes_1' retrieved from /home/airflow/.local/lib/python3.12/site-packages/airflow/example_dags/example_datasets.py
[2026-08-12T04:37:39.337+0000] {logging_mixin.py:190} INFO - [2026-08-12T04:37:39.336+0000] {dag.py:3211} INFO - Sync 10 DAGs
[2026-08-12T04:37:39.365+0000] {logging_mixin.py:190} INFO - [2026-08-12T04:37:39.364+0000] {dag.py:4138} INFO - Setting next_dagrun for conditional_dataset_and_time_based_timetable to 2026-08-12 01:00:00+00:00, run_after=2026-08-12 01:00:00+00:00
[2026-08-12T04:37:39.369+0000] {logging_mixin.py:190} INFO - [2026-08-12T04:37:39.369+0000] {dag.py:4138} INFO - Setting next_dagrun for consume_1_and_2_with_dataset_expressions to None, run_after=None
[2026-08-12T04:37:39.371+0000] {logging_mixin.py:190} INFO - [2026-08-12T04:37:39.371+0000] {dag.py:4138} INFO - Setting next_dagrun for consume_1_or_2_with_dataset_expressions to None, run_after=None
[2026-08-12T04:37:39.373+0000] {logging_mixin.py:190} INFO - [2026-08-12T04:37:39.373+0000] {dag.py:4138} INFO - Setting next_dagrun for consume_1_or_both_2_and_3_with_dataset_expressions to None, run_after=None
[2026-08-12T04:37:39.375+0000] {logging_mixin.py:190} INFO - [2026-08-12T04:37:39.375+0000] {dag.py:4138} INFO - Setting next_dagrun for dataset_consumes_1 to None, run_after=None
[2026-08-12T04:37:39.378+0000] {logging_mixin.py:190} INFO - [2026-08-12T04:37:39.378+0000] {dag.py:4138} INFO - Setting next_dagrun for dataset_consumes_1_and_2 to None, run_after=None
[2026-08-12T04:37:39.382+0000] {logging_mixin.py:190} INFO - [2026-08-12T04:37:39.381+0000] {dag.py:4138} INFO - Setting next_dagrun for dataset_consumes_1_never_scheduled to None, run_after=None
[2026-08-12T04:37:39.384+0000] {logging_mixin.py:190} INFO - [2026-08-12T04:37:39.383+0000] {dag.py:4138} INFO - Setting next_dagrun for dataset_consumes_unknown_never_scheduled to None, run_after=None
[2026-08-12T04:37:39.386+0000] {logging_mixin.py:190} INFO - [2026-08-12T04:37:39.386+0000] {dag.py:4138} INFO - Setting next_dagrun for dataset_produces_1 to 2026-08-11 00:00:00+00:00, run_after=2026-08-12 00:00:00+00:00
[2026-08-12T04:37:39.388+0000] {logging_mixin.py:190} INFO - [2026-08-12T04:37:39.388+0000] {dag.py:4138} INFO - Setting next_dagrun for dataset_produces_2 to None, run_after=None
[2026-08-12T04:37:39.426+0000] {processor.py:208} INFO - Processing /home/airflow/.local/lib/python3.12/site-packages/airflow/example_dags/example_datasets.py took 0.331 seconds
[2026-08-12T04:38:09.959+0000] {processor.py:186} INFO - Started process (PID=847) to work on /home/airflow/.local/lib/python3.12/site-packages/airflow/example_dags/example_datasets.py
[2026-08-12T04:38:09.960+0000] {processor.py:914} INFO - Processing file /home/airflow/.local/lib/python3.12/site-packages/airflow/example_dags/example_datasets.py for tasks to queue
[2026-08-12T04:38:09.964+0000] {logging_mixin.py:190} INFO - [2026-08-12T04:38:09.964+0000] {dagbag.py:587} INFO - Filling up the DagBag from /home/airflow/.local/lib/python3.12/site-packages/airflow/example_dags/example_datasets.py
[2026-08-12T04:38:10.125+0000] {processor.py:925} INFO - DAG(s) 'dataset_produces_1', 'conditional_dataset_and_time_based_timetable', 'consume_1_or_both_2_and_3_with_dataset_expressions', 'dataset_consumes_1_never_scheduled', 'dataset_produces_2', 'consume_1_or_2_with_dataset_expressions', 'dataset_consumes_unknown_never_scheduled', 'consume_1_and_2_with_dataset_expressions', 'dataset_consumes_1', 'dataset_consumes_1_and_2' retrieved from /home/airflow/.local/lib/python3.12/site-packages/airflow/example_dags/example_datasets.py
[2026-08-12T04:38:10.204+0000] {logging_mixin.py:190} INFO - [2026-08-12T04:38:10.204+0000] {dag.py:3211} INFO - Sync 10 DAGs
[2026-08-12T04:38:10.240+0000] {logging_mixin.py:190} INFO - [2026-08-12T04:38:10.240+0000] {dag.py:4138} INFO - Setting next_dagrun for conditional_dataset_and_time_based_timetable to 2026-08-12 01:00:00+00:00, run_after=2026-08-12 01:00:00+00:00
[2026-08-12T04:38:10.246+0000] {logging_mixin.py:190} INFO - [2026-08-12T04:38:10.245+0000] {dag.py:4138} INFO - Setting next_dagrun for consume_1_and_2_with_dataset_expressions to None, run_after=None
[2026-08-12T04:38:10.248+0000] {logging_mixin.py:190} INFO - [2026-08-12T04:38:10.248+0000] {dag.py:4138} INFO - Setting next_dagrun for consume_1_or_2_with_dataset_expressions to None, run_after=None
[2026-08-12T04:38:10.250+0000] {logging_mixin.py:190} INFO - [2026-08-12T04:38:10.250+0000] {dag.py:4138} INFO - Setting next_dagrun for consume_1_or_both_2_and_3_with_dataset_expressions to None, run_after=None
[2026-08-12T04:38:10.253+0000] {logging_mixin.py:190} INFO - [2026-08-12T04:38:10.252+0000] {dag.py:4138} INFO - Setting next_dagrun for dataset_consumes_1 to None, run_after=None
[2026-08-12T04:38:10.255+0000] {logging_mixin.py:190} INFO - [2026-08-12T04:38:10.254+0000] {dag.py:4138} INFO - Setting next_dagrun for dataset_consumes_1_and_2 to None, run_after=None
[2026-08-12T04:38:10.258+0000] {logging_mixin.py:190} INFO - [2026-08-12T04:38:10.258+0000] {dag.py:4138} INFO - Setting next_dagrun for dataset_consumes_1_never_scheduled to None, run_after=None
[2026-08-12T04:38:10.260+0000] {logging_mixin.py:190} INFO - [2026-08-12T04:38:10.260+0000] {dag.py:4138} INFO - Setting next_dagrun for dataset_consumes_unknown_never_scheduled to None, run_after=None
[2026-08-12T04:38:10.263+0000] {logging_mixin.py:190} INFO - [2026-08-12T04:38:10.263+0000] {dag.py:4138} INFO - Setting next_dagrun for dataset_produces_1 to 2026-08-11 00:00:00+00:00, run_after=2026-08-12 00:00:00+00:00
[2026-08-12T04:38:10.265+0000] {logging_mixin.py:190} INFO - [2026-08-12T04:38:10.265+0000] {dag.py:4138} INFO - Setting next_dagrun for dataset_produces_2 to None, run_after=None
[2026-08-12T04:38:10.300+0000] {processor.py:208} INFO - Processing /home/airflow/.local/lib/python3.12/site-packages/airflow/example_dags/example_datasets.py took 0.348 seconds
[2026-08-12T04:38:40.801+0000] {processor.py:186} INFO - Started process (PID=910) to work on /home/airflow/.local/lib/python3.12/site-packages/airflow/example_dags/example_datasets.py
[2026-08-12T04:38:40.803+0000] {processor.py:914} INFO - Processing file /home/airflow/.local/lib/python3.12/site-packages/airflow/example_dags/example_datasets.py for tasks to queue
[2026-08-12T04:38:40.806+0000] {logging_mixin.py:190} INFO - [2026-08-12T04:38:40.806+0000] {dagbag.py:587} INFO - Filling up the DagBag from /home/airflow/.local/lib/python3.12/site-packages/airflow/example_dags/example_datasets.py
[2026-08-12T04:38:40.986+0000] {processor.py:925} INFO - DAG(s) 'dataset_produces_1', 'consume_1_or_both_2_and_3_with_dataset_expressions', 'dataset_consumes_1_never_scheduled', 'dataset_consumes_unknown_never_scheduled', 'dataset_consumes_1_and_2', 'consume_1_or_2_with_dataset_expressions', 'consume_1_and_2_with_dataset_expressions', 'conditional_dataset_and_time_based_timetable', 'dataset_produces_2', 'dataset_consumes_1' retrieved from /home/airflow/.local/lib/python3.12/site-packages/airflow/example_dags/example_datasets.py
[2026-08-12T04:38:41.044+0000] {logging_mixin.py:190} INFO - [2026-08-12T04:38:41.044+0000] {dag.py:3211} INFO - Sync 10 DAGs
[2026-08-12T04:38:41.078+0000] {logging_mixin.py:190} INFO - [2026-08-12T04:38:41.077+0000] {dag.py:4138} INFO - Setting next_dagrun for conditional_dataset_and_time_based_timetable to 2026-08-12 01:00:00+00:00, run_after=2026-08-12 01:00:00+00:00
[2026-08-12T04:38:41.082+0000] {logging_mixin.py:190} INFO - [2026-08-12T04:38:41.082+0000] {dag.py:4138} INFO - Setting next_dagrun for consume_1_and_2_with_dataset_expressions to None, run_after=None
[2026-08-12T04:38:41.085+0000] {logging_mixin.py:190} INFO - [2026-08-12T04:38:41.084+0000] {dag.py:4138} INFO - Setting next_dagrun for consume_1_or_2_with_dataset_expressions to None, run_after=None
[2026-08-12T04:38:41.087+0000] {logging_mixin.py:190} INFO - [2026-08-12T04:38:41.087+0000] {dag.py:4138} INFO - Setting next_dagrun for consume_1_or_both_2_and_3_with_dataset_expressions to None, run_after=None
[2026-08-12T04:38:41.089+0000] {logging_mixin.py:190} INFO - [2026-08-12T04:38:41.089+0000] {dag.py:4138} INFO - Setting next_dagrun for dataset_consumes_1 to None, run_after=None
[2026-08-12T04:38:41.092+0000] {logging_mixin.py:190} INFO - [2026-08-12T04:38:41.092+0000] {dag.py:4138} INFO - Setting next_dagrun for dataset_consumes_1_and_2 to None, run_after=None
[2026-08-12T04:38:41.094+0000] {logging_mixin.py:190} INFO - [2026-08-12T04:38:41.094+0000] {dag.py:4138} INFO - Setting next_dagrun for dataset_consumes_1_never_scheduled to None, run_after=None
[2026-08-12T04:38:41.096+0000] {logging_mixin.py:190} INFO - [2026-08-12T04:38:41.096+0000] {dag.py:4138} INFO - Setting next_dagrun for dataset_consumes_unknown_never_scheduled to None, run_after=None
[2026-08-12T04:38:41.099+0000] {logging_mixin.py:190} INFO - [2026-08-12T04:38:41.099+0000] {dag.py:4138} INFO - Setting next_dagrun for dataset_produces_1 to 2026-08-11 00:00:00+00:00, run_after=2026-08-12 00:00:00+00:00
[2026-08-12T04:38:41.102+0000] {logging_mixin.py:190} INFO - [2026-08-12T04:38:41.102+0000] {dag.py:4138} INFO - Setting next_dagrun for dataset_produces_2 to None, run_after=None
[2026-08-12T04:38:41.139+0000] {processor.py:208} INFO - Processing /home/airflow/.local/lib/python3.12/site-packages/airflow/example_dags/example_datasets.py took 0.347 seconds
[2026-08-12T04:39:11.664+0000] {processor.py:186} INFO - Started process (PID=972) to work on /home/airflow/.local/lib/python3.12/site-packages/airflow/example_dags/example_datasets.py
[2026-08-12T04:39:11.666+0000] {processor.py:914} INFO - Processing file /home/airflow/.local/lib/python3.12/site-packages/airflow/example_dags/example_datasets.py for tasks to queue
[2026-08-12T04:39:11.669+0000] {logging_mixin.py:190} INFO - [2026-08-12T04:39:11.669+0000] {dagbag.py:587} INFO - Filling up the DagBag from /home/airflow/.local/lib/python3.12/site-packages/airflow/example_dags/example_datasets.py
[2026-08-12T04:39:11.823+0000] {processor.py:925} INFO - DAG(s) 'dataset_produces_1', 'consume_1_or_both_2_and_3_with_dataset_expressions', 'dataset_consumes_1_never_scheduled', 'dataset_consumes_1_and_2', 'consume_1_and_2_with_dataset_expressions', 'consume_1_or_2_with_dataset_expressions', 'dataset_consumes_unknown_never_scheduled', 'conditional_dataset_and_time_based_timetable', 'dataset_consumes_1', 'dataset_produces_2' retrieved from /home/airflow/.local/lib/python3.12/site-packages/airflow/example_dags/example_datasets.py
[2026-08-12T04:39:11.871+0000] {logging_mixin.py:190} INFO - [2026-08-12T04:39:11.871+0000] {dag.py:3211} INFO - Sync 10 DAGs
[2026-08-12T04:39:11.904+0000] {logging_mixin.py:190} INFO - [2026-08-12T04:39:11.904+0000] {dag.py:4138} INFO - Setting next_dagrun for conditional_dataset_and_time_based_timetable to 2026-08-12 01:00:00+00:00, run_after=2026-08-12 01:00:00+00:00
[2026-08-12T04:39:11.909+0000] {logging_mixin.py:190} INFO - [2026-08-12T04:39:11.908+0000] {dag.py:4138} INFO - Setting next_dagrun for consume_1_and_2_with_dataset_expressions to None, run_after=None
[2026-08-12T04:39:11.911+0000] {logging_mixin.py:190} INFO - [2026-08-12T04:39:11.911+0000] {dag.py:4138} INFO - Setting next_dagrun for consume_1_or_2_with_dataset_expressions to None, run_after=None
[2026-08-12T04:39:11.915+0000] {logging_mixin.py:190} INFO - [2026-08-12T04:39:11.915+0000] {dag.py:4138} INFO - Setting next_dagrun for consume_1_or_both_2_and_3_with_dataset_expressions to None, run_after=None
[2026-08-12T04:39:11.918+0000] {logging_mixin.py:190} INFO - [2026-08-12T04:39:11.918+0000] {dag.py:4138} INFO - Setting next_dagrun for dataset_consumes_1 to None, run_after=None
[2026-08-12T04:39:11.921+0000] {logging_mixin.py:190} INFO - [2026-08-12T04:39:11.921+0000] {dag.py:4138} INFO - Setting next_dagrun for dataset_consumes_1_and_2 to None, run_after=None
[2026-08-12T04:39:11.924+0000] {logging_mixin.py:190} INFO - [2026-08-12T04:39:11.924+0000] {dag.py:4138} INFO - Setting next_dagrun for dataset_consumes_1_never_scheduled to None, run_after=None
[2026-08-12T04:39:11.928+0000] {logging_mixin.py:190} INFO - [2026-08-12T04:39:11.928+0000] {dag.py:4138} INFO - Setting next_dagrun for dataset_consumes_unknown_never_scheduled to None, run_after=None
[2026-08-12T04:39:11.933+0000] {logging_mixin.py:190} INFO - [2026-08-12T04:39:11.933+0000] {dag.py:4138} INFO - Setting next_dagrun for dataset_produces_1 to 2026-08-11 00:00:00+00:00, run_after=2026-08-12 00:00:00+00:00
[2026-08-12T04:39:11.936+0000] {logging_mixin.py:190} INFO - [2026-08-12T04:39:11.936+0000] {dag.py:4138} INFO - Setting next_dagrun for dataset_produces_2 to None, run_after=None
[2026-08-12T04:39:11.978+0000] {processor.py:208} INFO - Processing /home/airflow/.local/lib/python3.12/site-packages/airflow/example_dags/example_datasets.py took 0.321 seconds
[2026-08-12T04:39:42.629+0000] {processor.py:186} INFO - Started process (PID=1032) to work on /home/airflow/.local/lib/python3.12/site-packages/airflow/example_dags/example_datasets.py
[2026-08-12T04:39:42.630+0000] {processor.py:914} INFO - Processing file /home/airflow/.local/lib/python3.12/site-packages/airflow/example_dags/example_datasets.py for tasks to queue
[2026-08-12T04:39:42.634+0000] {logging_mixin.py:190} INFO - [2026-08-12T04:39:42.633+0000] {dagbag.py:587} INFO - Filling up the DagBag from /home/airflow/.local/lib/python3.12/site-packages/airflow/example_dags/example_datasets.py
[2026-08-12T04:39:42.813+0000] {processor.py:925} INFO - DAG(s) 'consume_1_and_2_with_dataset_expressions', 'dataset_produces_2', 'dataset_consumes_1_never_scheduled', 'dataset_consumes_unknown_never_scheduled', 'dataset_consumes_1', 'dataset_consumes_1_and_2', 'consume_1_or_both_2_and_3_with_dataset_expressions', 'consume_1_or_2_with_dataset_expressions', 'conditional_dataset_and_time_based_timetable', 'dataset_produces_1' retrieved from /home/airflow/.local/lib/python3.12/site-packages/airflow/example_dags/example_datasets.py
[2026-08-12T04:39:42.858+0000] {logging_mixin.py:190} INFO - [2026-08-12T04:39:42.858+0000] {dag.py:3211} INFO - Sync 10 DAGs
[2026-08-12T04:39:42.912+0000] {logging_mixin.py:190} INFO - [2026-08-12T04:39:42.912+0000] {dag.py:4138} INFO - Setting next_dagrun for conditional_dataset_and_time_based_timetable to 2026-08-12 01:00:00+00:00, run_after=2026-08-12 01:00:00+00:00
[2026-08-12T04:39:42.916+0000] {logging_mixin.py:190} INFO - [2026-08-12T04:39:42.916+0000] {dag.py:4138} INFO - Setting next_dagrun for consume_1_and_2_with_dataset_expressions to None, run_after=None
[2026-08-12T04:39:42.919+0000] {logging_mixin.py:190} INFO - [2026-08-12T04:39:42.918+0000] {dag.py:4138} INFO - Setting next_dagrun for consume_1_or_2_with_dataset_expressions to None, run_after=None
[2026-08-12T04:39:42.921+0000] {logging_mixin.py:190} INFO - [2026-08-12T04:39:42.921+0000] {dag.py:4138} INFO - Setting next_dagrun for consume_1_or_both_2_and_3_with_dataset_expressions to None, run_after=None
[2026-08-12T04:39:42.925+0000] {logging_mixin.py:190} INFO - [2026-08-12T04:39:42.925+0000] {dag.py:4138} INFO - Setting next_dagrun for dataset_consumes_1 to None, run_after=None
[2026-08-12T04:39:42.927+0000] {logging_mixin.py:190} INFO - [2026-08-12T04:39:42.927+0000] {dag.py:4138} INFO - Setting next_dagrun for dataset_consumes_1_and_2 to None, run_after=None
[2026-08-12T04:39:42.930+0000] {logging_mixin.py:190} INFO - [2026-08-12T04:39:42.929+0000] {dag.py:4138} INFO - Setting next_dagrun for dataset_consumes_1_never_scheduled to None, run_after=None
[2026-08-12T04:39:42.931+0000] {logging_mixin.py:190} INFO - [2026-08-12T04:39:42.931+0000] {dag.py:4138} INFO - Setting next_dagrun for dataset_consumes_unknown_never_scheduled to None, run_after=None
[2026-08-12T04:39:42.934+0000] {logging_mixin.py:190} INFO - [2026-08-12T04:39:42.934+0000] {dag.py:4138} INFO - Setting next_dagrun for dataset_produces_1 to 2026-08-11 00:00:00+00:00, run_after=2026-08-12 00:00:00+00:00
[2026-08-12T04:39:42.936+0000] {logging_mixin.py:190} INFO - [2026-08-12T04:39:42.936+0000] {dag.py:4138} INFO - Setting next_dagrun for dataset_produces_2 to None, run_after=None
[2026-08-12T04:39:42.976+0000] {processor.py:208} INFO - Processing /home/airflow/.local/lib/python3.12/site-packages/airflow/example_dags/example_datasets.py took 0.355 seconds
[2026-08-12T04:40:13.070+0000] {processor.py:186} INFO - Started process (PID=1094) to work on /home/airflow/.local/lib/python3.12/site-packages/airflow/example_dags/example_datasets.py
[2026-08-12T04:40:13.072+0000] {processor.py:914} INFO - Processing file /home/airflow/.local/lib/python3.12/site-packages/airflow/example_dags/example_datasets.py for tasks to queue
[2026-08-12T04:40:13.075+0000] {logging_mixin.py:190} INFO - [2026-08-12T04:40:13.075+0000] {dagbag.py:587} INFO - Filling up the DagBag from /home/airflow/.local/lib/python3.12/site-packages/airflow/example_dags/example_datasets.py
[2026-08-12T04:40:13.268+0000] {processor.py:925} INFO - DAG(s) 'dataset_consumes_unknown_never_scheduled', 'dataset_consumes_1_and_2', 'dataset_produces_1', 'consume_1_or_both_2_and_3_with_dataset_expressions', 'consume_1_or_2_with_dataset_expressions', 'dataset_produces_2', 'conditional_dataset_and_time_based_timetable', 'dataset_consumes_1_never_scheduled', 'dataset_consumes_1', 'consume_1_and_2_with_dataset_expressions' retrieved from /home/airflow/.local/lib/python3.12/site-packages/airflow/example_dags/example_datasets.py
[2026-08-12T04:40:13.316+0000] {logging_mixin.py:190} INFO - [2026-08-12T04:40:13.316+0000] {dag.py:3211} INFO - Sync 10 DAGs
[2026-08-12T04:40:13.346+0000] {logging_mixin.py:190} INFO - [2026-08-12T04:40:13.346+0000] {dag.py:4138} INFO - Setting next_dagrun for conditional_dataset_and_time_based_timetable to 2026-08-12 01:00:00+00:00, run_after=2026-08-12 01:00:00+00:00
[2026-08-12T04:40:13.351+0000] {logging_mixin.py:190} INFO - [2026-08-12T04:40:13.350+0000] {dag.py:4138} INFO - Setting next_dagrun for consume_1_and_2_with_dataset_expressions to None, run_after=None
[2026-08-12T04:40:13.356+0000] {logging_mixin.py:190} INFO - [2026-08-12T04:40:13.355+0000] {dag.py:4138} INFO - Setting next_dagrun for consume_1_or_2_with_dataset_expressions to None, run_after=None
[2026-08-12T04:40:13.358+0000] {logging_mixin.py:190} INFO - [2026-08-12T04:40:13.358+0000] {dag.py:4138} INFO - Setting next_dagrun for consume_1_or_both_2_and_3_with_dataset_expressions to None, run_after=None
[2026-08-12T04:40:13.361+0000] {logging_mixin.py:190} INFO - [2026-08-12T04:40:13.361+0000] {dag.py:4138} INFO - Setting next_dagrun for dataset_consumes_1 to None, run_after=None
[2026-08-12T04:40:13.363+0000] {logging_mixin.py:190} INFO - [2026-08-12T04:40:13.363+0000] {dag.py:4138} INFO - Setting next_dagrun for dataset_consumes_1_and_2 to None, run_after=None
[2026-08-12T04:40:13.365+0000] {logging_mixin.py:190} INFO - [2026-08-12T04:40:13.365+0000] {dag.py:4138} INFO - Setting next_dagrun for dataset_consumes_1_never_scheduled to None, run_after=None
[2026-08-12T04:40:13.368+0000] {logging_mixin.py:190} INFO - [2026-08-12T04:40:13.368+0000] {dag.py:4138} INFO - Setting next_dagrun for dataset_consumes_unknown_never_scheduled to None, run_after=None
[2026-08-12T04:40:13.374+0000] {logging_mixin.py:190} INFO - [2026-08-12T04:40:13.373+0000] {dag.py:4138} INFO - Setting next_dagrun for dataset_produces_1 to 2026-08-11 00:00:00+00:00, run_after=2026-08-12 00:00:00+00:00
[2026-08-12T04:40:13.376+0000] {logging_mixin.py:190} INFO - [2026-08-12T04:40:13.376+0000] {dag.py:4138} INFO - Setting next_dagrun for dataset_produces_2 to None, run_after=None
[2026-08-12T04:40:13.421+0000] {processor.py:208} INFO - Processing /home/airflow/.local/lib/python3.12/site-packages/airflow/example_dags/example_datasets.py took 0.358 seconds
[2026-08-12T04:40:43.767+0000] {processor.py:186} INFO - Started process (PID=1156) to work on /home/airflow/.local/lib/python3.12/site-packages/airflow/example_dags/example_datasets.py
[2026-08-12T04:40:43.770+0000] {processor.py:914} INFO - Processing file /home/airflow/.local/lib/python3.12/site-packages/airflow/example_dags/example_datasets.py for tasks to queue
[2026-08-12T04:40:43.774+0000] {logging_mixin.py:190} INFO - [2026-08-12T04:40:43.773+0000] {dagbag.py:587} INFO - Filling up the DagBag from /home/airflow/.local/lib/python3.12/site-packages/airflow/example_dags/example_datasets.py
[2026-08-12T04:40:43.953+0000] {processor.py:925} INFO - DAG(s) 'consume_1_or_both_2_and_3_with_dataset_expressions', 'dataset_produces_1', 'dataset_consumes_1_never_scheduled', 'dataset_consumes_1_and_2', 'consume_1_and_2_with_dataset_expressions', 'consume_1_or_2_with_dataset_expressions', 'dataset_produces_2', 'dataset_consumes_unknown_never_scheduled', 'conditional_dataset_and_time_based_timetable', 'dataset_consumes_1' retrieved from /home/airflow/.local/lib/python3.12/site-packages/airflow/example_dags/example_datasets.py
[2026-08-12T04:40:44.019+0000] {logging_mixin.py:190} INFO - [2026-08-12T04:40:44.019+0000] {dag.py:3211} INFO - Sync 10 DAGs
[2026-08-12T04:40:44.073+0000] {logging_mixin.py:190} INFO - [2026-08-12T04:40:44.073+0000] {dag.py:4138} INFO - Setting next_dagrun for conditional_dataset_and_time_based_timetable to 2026-08-12 01:00:00+00:00, run_after=2026-08-12 01:00:00+00:00
[2026-08-12T04:40:44.081+0000] {logging_mixin.py:190} INFO - [2026-08-12T04:40:44.080+0000] {dag.py:4138} INFO - Setting next_dagrun for consume_1_and_2_with_dataset_expressions to None, run_after=None
[2026-08-12T04:40:44.086+0000] {logging_mixin.py:190} INFO - [2026-08-12T04:40:44.086+0000] {dag.py:4138} INFO - Setting next_dagrun for consume_1_or_2_with_dataset_expressions to None, run_after=None
[2026-08-12T04:40:44.090+0000] {logging_mixin.py:190} INFO - [2026-08-12T04:40:44.090+0000] {dag.py:4138} INFO - Setting next_dagrun for consume_1_or_both_2_and_3_with_dataset_expressions to None, run_after=None
[2026-08-12T04:40:44.095+0000] {logging_mixin.py:190} INFO - [2026-08-12T04:40:44.095+0000] {dag.py:4138} INFO - Setting next_dagrun for dataset_consumes_1 to None, run_after=None
[2026-08-12T04:40:44.100+0000] {logging_mixin.py:190} INFO - [2026-08-12T04:40:44.100+0000] {dag.py:4138} INFO - Setting next_dagrun for dataset_consumes_1_and_2 to None, run_after=None
[2026-08-12T04:40:44.104+0000] {logging_mixin.py:190} INFO - [2026-08-12T04:40:44.104+0000] {dag.py:4138} INFO - Setting next_dagrun for dataset_consumes_1_never_scheduled to None, run_after=None
[2026-08-12T04:40:44.108+0000] {logging_mixin.py:190} INFO - [2026-08-12T04:40:44.107+0000] {dag.py:4138} INFO - Setting next_dagrun for dataset_consumes_unknown_never_scheduled to None, run_after=None
[2026-08-12T04:40:44.113+0000] {logging_mixin.py:190} INFO - [2026-08-12T04:40:44.113+0000] {dag.py:4138} INFO - Setting next_dagrun for dataset_produces_1 to 2026-08-11 00:00:00+00:00, run_after=2026-08-12 00:00:00+00:00
[2026-08-12T04:40:44.117+0000] {logging_mixin.py:190} INFO - [2026-08-12T04:40:44.116+0000] {dag.py:4138} INFO - Setting next_dagrun for dataset_produces_2 to None, run_after=None
[2026-08-12T04:40:44.205+0000] {processor.py:208} INFO - Processing /home/airflow/.local/lib/python3.12/site-packages/airflow/example_dags/example_datasets.py took 0.448 seconds
[2026-08-12T04:41:14.933+0000] {processor.py:186} INFO - Started process (PID=1218) to work on /home/airflow/.local/lib/python3.12/site-packages/airflow/example_dags/example_datasets.py
[2026-08-12T04:41:14.937+0000] {processor.py:914} INFO - Processing file /home/airflow/.local/lib/python3.12/site-packages/airflow/example_dags/example_datasets.py for tasks to queue
[2026-08-12T04:41:14.942+0000] {logging_mixin.py:190} INFO - [2026-08-12T04:41:14.942+0000] {dagbag.py:587} INFO - Filling up the DagBag from /home/airflow/.local/lib/python3.12/site-packages/airflow/example_dags/example_datasets.py
[2026-08-12T04:41:15.157+0000] {processor.py:925} INFO - DAG(s) 'conditional_dataset_and_time_based_timetable', 'dataset_consumes_unknown_never_scheduled', 'dataset_consumes_1_and_2', 'consume_1_and_2_with_dataset_expressions', 'dataset_consumes_1_never_scheduled', 'consume_1_or_2_with_dataset_expressions', 'dataset_produces_1', 'dataset_consumes_1', 'consume_1_or_both_2_and_3_with_dataset_expressions', 'dataset_produces_2' retrieved from /home/airflow/.local/lib/python3.12/site-packages/airflow/example_dags/example_datasets.py
[2026-08-12T04:41:15.217+0000] {logging_mixin.py:190} INFO - [2026-08-12T04:41:15.216+0000] {dag.py:3211} INFO - Sync 10 DAGs
[2026-08-12T04:41:15.252+0000] {logging_mixin.py:190} INFO - [2026-08-12T04:41:15.251+0000] {dag.py:4138} INFO - Setting next_dagrun for conditional_dataset_and_time_based_timetable to 2026-08-12 01:00:00+00:00, run_after=2026-08-12 01:00:00+00:00
[2026-08-12T04:41:15.258+0000] {logging_mixin.py:190} INFO - [2026-08-12T04:41:15.258+0000] {dag.py:4138} INFO - Setting next_dagrun for consume_1_and_2_with_dataset_expressions to None, run_after=None
[2026-08-12T04:41:15.261+0000] {logging_mixin.py:190} INFO - [2026-08-12T04:41:15.261+0000] {dag.py:4138} INFO - Setting next_dagrun for consume_1_or_2_with_dataset_expressions to None, run_after=None
[2026-08-12T04:41:15.263+0000] {logging_mixin.py:190} INFO - [2026-08-12T04:41:15.263+0000] {dag.py:4138} INFO - Setting next_dagrun for consume_1_or_both_2_and_3_with_dataset_expressions to None, run_after=None
[2026-08-12T04:41:15.265+0000] {logging_mixin.py:190} INFO - [2026-08-12T04:41:15.265+0000] {dag.py:4138} INFO - Setting next_dagrun for dataset_consumes_1 to None, run_after=None
[2026-08-12T04:41:15.267+0000] {logging_mixin.py:190} INFO - [2026-08-12T04:41:15.267+0000] {dag.py:4138} INFO - Setting next_dagrun for dataset_consumes_1_and_2 to None, run_after=None
[2026-08-12T04:41:15.270+0000] {logging_mixin.py:190} INFO - [2026-08-12T04:41:15.269+0000] {dag.py:4138} INFO - Setting next_dagrun for dataset_consumes_1_never_scheduled to None, run_after=None
[2026-08-12T04:41:15.272+0000] {logging_mixin.py:190} INFO - [2026-08-12T04:41:15.271+0000] {dag.py:4138} INFO - Setting next_dagrun for dataset_consumes_unknown_never_scheduled to None, run_after=None
[2026-08-12T04:41:15.275+0000] {logging_mixin.py:190} INFO - [2026-08-12T04:41:15.275+0000] {dag.py:4138} INFO - Setting next_dagrun for dataset_produces_1 to 2026-08-11 00:00:00+00:00, run_after=2026-08-12 00:00:00+00:00
[2026-08-12T04:41:15.277+0000] {logging_mixin.py:190} INFO - [2026-08-12T04:41:15.277+0000] {dag.py:4138} INFO - Setting next_dagrun for dataset_produces_2 to None, run_after=None
[2026-08-12T04:41:15.317+0000] {processor.py:208} INFO - Processing /home/airflow/.local/lib/python3.12/site-packages/airflow/example_dags/example_datasets.py took 0.396 seconds
[2026-08-12T04:41:45.872+0000] {processor.py:186} INFO - Started process (PID=1281) to work on /home/airflow/.local/lib/python3.12/site-packages/airflow/example_dags/example_datasets.py
[2026-08-12T04:41:45.874+0000] {processor.py:914} INFO - Processing file /home/airflow/.local/lib/python3.12/site-packages/airflow/example_dags/example_datasets.py for tasks to queue
[2026-08-12T04:41:45.877+0000] {logging_mixin.py:190} INFO - [2026-08-12T04:41:45.876+0000] {dagbag.py:587} INFO - Filling up the DagBag from /home/airflow/.local/lib/python3.12/site-packages/airflow/example_dags/example_datasets.py
[2026-08-12T04:41:45.999+0000] {processor.py:925} INFO - DAG(s) 'dataset_consumes_unknown_never_scheduled', 'dataset_consumes_1', 'dataset_consumes_1_never_scheduled', 'consume_1_or_both_2_and_3_with_dataset_expressions', 'dataset_produces_1', 'consume_1_or_2_with_dataset_expressions', 'dataset_consumes_1_and_2', 'dataset_produces_2', 'consume_1_and_2_with_dataset_expressions', 'conditional_dataset_and_time_based_timetable' retrieved from /home/airflow/.local/lib/python3.12/site-packages/airflow/example_dags/example_datasets.py
[2026-08-12T04:41:46.043+0000] {logging_mixin.py:190} INFO - [2026-08-12T04:41:46.043+0000] {dag.py:3211} INFO - Sync 10 DAGs
[2026-08-12T04:41:46.067+0000] {logging_mixin.py:190} INFO - [2026-08-12T04:41:46.066+0000] {dag.py:4138} INFO - Setting next_dagrun for conditional_dataset_and_time_based_timetable to 2026-08-12 01:00:00+00:00, run_after=2026-08-12 01:00:00+00:00
[2026-08-12T04:41:46.071+0000] {logging_mixin.py:190} INFO - [2026-08-12T04:41:46.071+0000] {dag.py:4138} INFO - Setting next_dagrun for consume_1_and_2_with_dataset_expressions to None, run_after=None
[2026-08-12T04:41:46.074+0000] {logging_mixin.py:190} INFO - [2026-08-12T04:41:46.073+0000] {dag.py:4138} INFO - Setting next_dagrun for consume_1_or_2_with_dataset_expressions to None, run_after=None
[2026-08-12T04:41:46.076+0000] {logging_mixin.py:190} INFO - [2026-08-12T04:41:46.076+0000] {dag.py:4138} INFO - Setting next_dagrun for consume_1_or_both_2_and_3_with_dataset_expressions to None, run_after=None
[2026-08-12T04:41:46.078+0000] {logging_mixin.py:190} INFO - [2026-08-12T04:41:46.078+0000] {dag.py:4138} INFO - Setting next_dagrun for dataset_consumes_1 to None, run_after=None
[2026-08-12T04:41:46.080+0000] {logging_mixin.py:190} INFO - [2026-08-12T04:41:46.079+0000] {dag.py:4138} INFO - Setting next_dagrun for dataset_consumes_1_and_2 to None, run_after=None
[2026-08-12T04:41:46.082+0000] {logging_mixin.py:190} INFO - [2026-08-12T04:41:46.082+0000] {dag.py:4138} INFO - Setting next_dagrun for dataset_consumes_1_never_scheduled to None, run_after=None
[2026-08-12T04:41:46.084+0000] {logging_mixin.py:190} INFO - [2026-08-12T04:41:46.083+0000] {dag.py:4138} INFO - Setting next_dagrun for dataset_consumes_unknown_never_scheduled to None, run_after=None
[2026-08-12T04:41:46.086+0000] {logging_mixin.py:190} INFO - [2026-08-12T04:41:46.086+0000] {dag.py:4138} INFO - Setting next_dagrun for dataset_produces_1 to 2026-08-11 00:00:00+00:00, run_after=2026-08-12 00:00:00+00:00
[2026-08-12T04:41:46.089+0000] {logging_mixin.py:190} INFO - [2026-08-12T04:41:46.088+0000] {dag.py:4138} INFO - Setting next_dagrun for dataset_produces_2 to None, run_after=None
[2026-08-12T04:41:46.132+0000] {processor.py:208} INFO - Processing /home/airflow/.local/lib/python3.12/site-packages/airflow/example_dags/example_datasets.py took 0.268 seconds
[2026-08-12T04:42:16.417+0000] {processor.py:186} INFO - Started process (PID=1342) to work on /home/airflow/.local/lib/python3.12/site-packages/airflow/example_dags/example_datasets.py
[2026-08-12T04:42:16.419+0000] {processor.py:914} INFO - Processing file /home/airflow/.local/lib/python3.12/site-packages/airflow/example_dags/example_datasets.py for tasks to queue
[2026-08-12T04:42:16.423+0000] {logging_mixin.py:190} INFO - [2026-08-12T04:42:16.422+0000] {dagbag.py:587} INFO - Filling up the DagBag from /home/airflow/.local/lib/python3.12/site-packages/airflow/example_dags/example_datasets.py
[2026-08-12T04:42:16.661+0000] {processor.py:925} INFO - DAG(s) 'dataset_consumes_1_never_scheduled', 'dataset_consumes_1_and_2', 'consume_1_or_both_2_and_3_with_dataset_expressions', 'dataset_produces_2', 'consume_1_or_2_with_dataset_expressions', 'conditional_dataset_and_time_based_timetable', 'dataset_consumes_1', 'consume_1_and_2_with_dataset_expressions', 'dataset_produces_1', 'dataset_consumes_unknown_never_scheduled' retrieved from /home/airflow/.local/lib/python3.12/site-packages/airflow/example_dags/example_datasets.py
[2026-08-12T04:42:16.720+0000] {logging_mixin.py:190} INFO - [2026-08-12T04:42:16.720+0000] {dag.py:3211} INFO - Sync 10 DAGs
[2026-08-12T04:42:16.755+0000] {logging_mixin.py:190} INFO - [2026-08-12T04:42:16.755+0000] {dag.py:4138} INFO - Setting next_dagrun for conditional_dataset_and_time_based_timetable to 2026-08-12 01:00:00+00:00, run_after=2026-08-12 01:00:00+00:00
[2026-08-12T04:42:16.761+0000] {logging_mixin.py:190} INFO - [2026-08-12T04:42:16.761+0000] {dag.py:4138} INFO - Setting next_dagrun for consume_1_and_2_with_dataset_expressions to None, run_after=None
[2026-08-12T04:42:16.764+0000] {logging_mixin.py:190} INFO - [2026-08-12T04:42:16.764+0000] {dag.py:4138} INFO - Setting next_dagrun for consume_1_or_2_with_dataset_expressions to None, run_after=None
[2026-08-12T04:42:16.767+0000] {logging_mixin.py:190} INFO - [2026-08-12T04:42:16.766+0000] {dag.py:4138} INFO - Setting next_dagrun for consume_1_or_both_2_and_3_with_dataset_expressions to None, run_after=None
[2026-08-12T04:42:16.770+0000] {logging_mixin.py:190} INFO - [2026-08-12T04:42:16.769+0000] {dag.py:4138} INFO - Setting next_dagrun for dataset_consumes_1 to None, run_after=None
[2026-08-12T04:42:16.773+0000] {logging_mixin.py:190} INFO - [2026-08-12T04:42:16.772+0000] {dag.py:4138} INFO - Setting next_dagrun for dataset_consumes_1_and_2 to None, run_after=None
[2026-08-12T04:42:16.775+0000] {logging_mixin.py:190} INFO - [2026-08-12T04:42:16.775+0000] {dag.py:4138} INFO - Setting next_dagrun for dataset_consumes_1_never_scheduled to None, run_after=None
[2026-08-12T04:42:16.777+0000] {logging_mixin.py:190} INFO - [2026-08-12T04:42:16.777+0000] {dag.py:4138} INFO - Setting next_dagrun for dataset_consumes_unknown_never_scheduled to None, run_after=None
[2026-08-12T04:42:16.781+0000] {logging_mixin.py:190} INFO - [2026-08-12T04:42:16.781+0000] {dag.py:4138} INFO - Setting next_dagrun for dataset_produces_1 to 2026-08-11 00:00:00+00:00, run_after=2026-08-12 00:00:00+00:00
[2026-08-12T04:42:16.783+0000] {logging_mixin.py:190} INFO - [2026-08-12T04:42:16.783+0000] {dag.py:4138} INFO - Setting next_dagrun for dataset_produces_2 to None, run_after=None
[2026-08-12T04:42:16.833+0000] {processor.py:208} INFO - Processing /home/airflow/.local/lib/python3.12/site-packages/airflow/example_dags/example_datasets.py took 0.439 seconds
[2026-08-12T04:42:47.095+0000] {processor.py:186} INFO - Started process (PID=1404) to work on /home/airflow/.local/lib/python3.12/site-packages/airflow/example_dags/example_datasets.py
[2026-08-12T04:42:47.097+0000] {processor.py:914} INFO - Processing file /home/airflow/.local/lib/python3.12/site-packages/airflow/example_dags/example_datasets.py for tasks to queue
[2026-08-12T04:42:47.100+0000] {logging_mixin.py:190} INFO - [2026-08-12T04:42:47.100+0000] {dagbag.py:587} INFO - Filling up the DagBag from /home/airflow/.local/lib/python3.12/site-packages/airflow/example_dags/example_datasets.py
[2026-08-12T04:42:47.270+0000] {processor.py:925} INFO - DAG(s) 'conditional_dataset_and_time_based_timetable', 'dataset_consumes_1_and_2', 'consume_1_or_2_with_dataset_expressions', 'dataset_consumes_1_never_scheduled', 'consume_1_and_2_with_dataset_expressions', 'dataset_produces_1', 'dataset_produces_2', 'dataset_consumes_unknown_never_scheduled', 'consume_1_or_both_2_and_3_with_dataset_expressions', 'dataset_consumes_1' retrieved from /home/airflow/.local/lib/python3.12/site-packages/airflow/example_dags/example_datasets.py
[2026-08-12T04:42:47.337+0000] {logging_mixin.py:190} INFO - [2026-08-12T04:42:47.336+0000] {dag.py:3211} INFO - Sync 10 DAGs
[2026-08-12T04:42:47.380+0000] {logging_mixin.py:190} INFO - [2026-08-12T04:42:47.380+0000] {dag.py:4138} INFO - Setting next_dagrun for conditional_dataset_and_time_based_timetable to 2026-08-12 01:00:00+00:00, run_after=2026-08-12 01:00:00+00:00
[2026-08-12T04:42:47.388+0000] {logging_mixin.py:190} INFO - [2026-08-12T04:42:47.387+0000] {dag.py:4138} INFO - Setting next_dagrun for consume_1_and_2_with_dataset_expressions to None, run_after=None
[2026-08-12T04:42:47.393+0000] {logging_mixin.py:190} INFO - [2026-08-12T04:42:47.392+0000] {dag.py:4138} INFO - Setting next_dagrun for consume_1_or_2_with_dataset_expressions to None, run_after=None
[2026-08-12T04:42:47.396+0000] {logging_mixin.py:190} INFO - [2026-08-12T04:42:47.396+0000] {dag.py:4138} INFO - Setting next_dagrun for consume_1_or_both_2_and_3_with_dataset_expressions to None, run_after=None
[2026-08-12T04:42:47.399+0000] {logging_mixin.py:190} INFO - [2026-08-12T04:42:47.399+0000] {dag.py:4138} INFO - Setting next_dagrun for dataset_consumes_1 to None, run_after=None
[2026-08-12T04:42:47.402+0000] {logging_mixin.py:190} INFO - [2026-08-12T04:42:47.402+0000] {dag.py:4138} INFO - Setting next_dagrun for dataset_consumes_1_and_2 to None, run_after=None
[2026-08-12T04:42:47.405+0000] {logging_mixin.py:190} INFO - [2026-08-12T04:42:47.404+0000] {dag.py:4138} INFO - Setting next_dagrun for dataset_consumes_1_never_scheduled to None, run_after=None
[2026-08-12T04:42:47.407+0000] {logging_mixin.py:190} INFO - [2026-08-12T04:42:47.407+0000] {dag.py:4138} INFO - Setting next_dagrun for dataset_consumes_unknown_never_scheduled to None, run_after=None
[2026-08-12T04:42:47.412+0000] {logging_mixin.py:190} INFO - [2026-08-12T04:42:47.412+0000] {dag.py:4138} INFO - Setting next_dagrun for dataset_produces_1 to 2026-08-11 00:00:00+00:00, run_after=2026-08-12 00:00:00+00:00
[2026-08-12T04:42:47.416+0000] {logging_mixin.py:190} INFO - [2026-08-12T04:42:47.415+0000] {dag.py:4138} INFO - Setting next_dagrun for dataset_produces_2 to None, run_after=None
[2026-08-12T04:42:47.463+0000] {processor.py:208} INFO - Processing /home/airflow/.local/lib/python3.12/site-packages/airflow/example_dags/example_datasets.py took 0.374 seconds
[2026-08-12T04:43:18.288+0000] {processor.py:186} INFO - Started process (PID=1466) to work on /home/airflow/.local/lib/python3.12/site-packages/airflow/example_dags/example_datasets.py
[2026-08-12T04:43:18.289+0000] {processor.py:914} INFO - Processing file /home/airflow/.local/lib/python3.12/site-packages/airflow/example_dags/example_datasets.py for tasks to queue
[2026-08-12T04:43:18.292+0000] {logging_mixin.py:190} INFO - [2026-08-12T04:43:18.292+0000] {dagbag.py:587} INFO - Filling up the DagBag from /home/airflow/.local/lib/python3.12/site-packages/airflow/example_dags/example_datasets.py
[2026-08-12T04:43:18.439+0000] {processor.py:925} INFO - DAG(s) 'dataset_produces_2', 'dataset_produces_1', 'dataset_consumes_1', 'consume_1_or_both_2_and_3_with_dataset_expressions', 'dataset_consumes_1_never_scheduled', 'dataset_consumes_unknown_never_scheduled', 'consume_1_or_2_with_dataset_expressions', 'consume_1_and_2_with_dataset_expressions', 'conditional_dataset_and_time_based_timetable', 'dataset_consumes_1_and_2' retrieved from /home/airflow/.local/lib/python3.12/site-packages/airflow/example_dags/example_datasets.py
[2026-08-12T04:43:18.483+0000] {logging_mixin.py:190} INFO - [2026-08-12T04:43:18.483+0000] {dag.py:3211} INFO - Sync 10 DAGs
[2026-08-12T04:43:18.511+0000] {logging_mixin.py:190} INFO - [2026-08-12T04:43:18.511+0000] {dag.py:4138} INFO - Setting next_dagrun for conditional_dataset_and_time_based_timetable to 2026-08-12 01:00:00+00:00, run_after=2026-08-12 01:00:00+00:00
[2026-08-12T04:43:18.516+0000] {logging_mixin.py:190} INFO - [2026-08-12T04:43:18.516+0000] {dag.py:4138} INFO - Setting next_dagrun for consume_1_and_2_with_dataset_expressions to None, run_after=None
[2026-08-12T04:43:18.519+0000] {logging_mixin.py:190} INFO - [2026-08-12T04:43:18.519+0000] {dag.py:4138} INFO - Setting next_dagrun for consume_1_or_2_with_dataset_expressions to None, run_after=None
[2026-08-12T04:43:18.521+0000] {logging_mixin.py:190} INFO - [2026-08-12T04:43:18.521+0000] {dag.py:4138} INFO - Setting next_dagrun for consume_1_or_both_2_and_3_with_dataset_expressions to None, run_after=None
[2026-08-12T04:43:18.523+0000] {logging_mixin.py:190} INFO - [2026-08-12T04:43:18.523+0000] {dag.py:4138} INFO - Setting next_dagrun for dataset_consumes_1 to None, run_after=None
[2026-08-12T04:43:18.526+0000] {logging_mixin.py:190} INFO - [2026-08-12T04:43:18.525+0000] {dag.py:4138} INFO - Setting next_dagrun for dataset_consumes_1_and_2 to None, run_after=None
[2026-08-12T04:43:18.528+0000] {logging_mixin.py:190} INFO - [2026-08-12T04:43:18.528+0000] {dag.py:4138} INFO - Setting next_dagrun for dataset_consumes_1_never_scheduled to None, run_after=None
[2026-08-12T04:43:18.530+0000] {logging_mixin.py:190} INFO - [2026-08-12T04:43:18.530+0000] {dag.py:4138} INFO - Setting next_dagrun for dataset_consumes_unknown_never_scheduled to None, run_after=None
[2026-08-12T04:43:18.533+0000] {logging_mixin.py:190} INFO - [2026-08-12T04:43:18.533+0000] {dag.py:4138} INFO - Setting next_dagrun for dataset_produces_1 to 2026-08-11 00:00:00+00:00, run_after=2026-08-12 00:00:00+00:00
[2026-08-12T04:43:18.536+0000] {logging_mixin.py:190} INFO - [2026-08-12T04:43:18.536+0000] {dag.py:4138} INFO - Setting next_dagrun for dataset_produces_2 to None, run_after=None
[2026-08-12T04:43:18.570+0000] {processor.py:208} INFO - Processing /home/airflow/.local/lib/python3.12/site-packages/airflow/example_dags/example_datasets.py took 0.288 seconds
[2026-08-12T04:43:48.983+0000] {processor.py:186} INFO - Started process (PID=1528) to work on /home/airflow/.local/lib/python3.12/site-packages/airflow/example_dags/example_datasets.py
[2026-08-12T04:43:48.984+0000] {processor.py:914} INFO - Processing file /home/airflow/.local/lib/python3.12/site-packages/airflow/example_dags/example_datasets.py for tasks to queue
[2026-08-12T04:43:48.989+0000] {logging_mixin.py:190} INFO - [2026-08-12T04:43:48.988+0000] {dagbag.py:587} INFO - Filling up the DagBag from /home/airflow/.local/lib/python3.12/site-packages/airflow/example_dags/example_datasets.py
[2026-08-12T04:43:49.206+0000] {processor.py:925} INFO - DAG(s) 'consume_1_or_both_2_and_3_with_dataset_expressions', 'consume_1_or_2_with_dataset_expressions', 'conditional_dataset_and_time_based_timetable', 'dataset_produces_1', 'dataset_consumes_unknown_never_scheduled', 'consume_1_and_2_with_dataset_expressions', 'dataset_consumes_1', 'dataset_consumes_1_and_2', 'dataset_consumes_1_never_scheduled', 'dataset_produces_2' retrieved from /home/airflow/.local/lib/python3.12/site-packages/airflow/example_dags/example_datasets.py
[2026-08-12T04:43:49.266+0000] {logging_mixin.py:190} INFO - [2026-08-12T04:43:49.266+0000] {dag.py:3211} INFO - Sync 10 DAGs
[2026-08-12T04:43:49.298+0000] {logging_mixin.py:190} INFO - [2026-08-12T04:43:49.298+0000] {dag.py:4138} INFO - Setting next_dagrun for conditional_dataset_and_time_based_timetable to 2026-08-12 01:00:00+00:00, run_after=2026-08-12 01:00:00+00:00
[2026-08-12T04:43:49.303+0000] {logging_mixin.py:190} INFO - [2026-08-12T04:43:49.303+0000] {dag.py:4138} INFO - Setting next_dagrun for consume_1_and_2_with_dataset_expressions to None, run_after=None
[2026-08-12T04:43:49.306+0000] {logging_mixin.py:190} INFO - [2026-08-12T04:43:49.306+0000] {dag.py:4138} INFO - Setting next_dagrun for consume_1_or_2_with_dataset_expressions to None, run_after=None
[2026-08-12T04:43:49.309+0000] {logging_mixin.py:190} INFO - [2026-08-12T04:43:49.309+0000] {dag.py:4138} INFO - Setting next_dagrun for consume_1_or_both_2_and_3_with_dataset_expressions to None, run_after=None
[2026-08-12T04:43:49.312+0000] {logging_mixin.py:190} INFO - [2026-08-12T04:43:49.312+0000] {dag.py:4138} INFO - Setting next_dagrun for dataset_consumes_1 to None, run_after=None
[2026-08-12T04:43:49.315+0000] {logging_mixin.py:190} INFO - [2026-08-12T04:43:49.314+0000] {dag.py:4138} INFO - Setting next_dagrun for dataset_consumes_1_and_2 to None, run_after=None
[2026-08-12T04:43:49.318+0000] {logging_mixin.py:190} INFO - [2026-08-12T04:43:49.317+0000] {dag.py:4138} INFO - Setting next_dagrun for dataset_consumes_1_never_scheduled to None, run_after=None
[2026-08-12T04:43:49.321+0000] {logging_mixin.py:190} INFO - [2026-08-12T04:43:49.320+0000] {dag.py:4138} INFO - Setting next_dagrun for dataset_consumes_unknown_never_scheduled to None, run_after=None
[2026-08-12T04:43:49.325+0000] {logging_mixin.py:190} INFO - [2026-08-12T04:43:49.324+0000] {dag.py:4138} INFO - Setting next_dagrun for dataset_produces_1 to 2026-08-11 00:00:00+00:00, run_after=2026-08-12 00:00:00+00:00
[2026-08-12T04:43:49.328+0000] {logging_mixin.py:190} INFO - [2026-08-12T04:43:49.327+0000] {dag.py:4138} INFO - Setting next_dagrun for dataset_produces_2 to None, run_after=None
[2026-08-12T04:43:49.376+0000] {processor.py:208} INFO - Processing /home/airflow/.local/lib/python3.12/site-packages/airflow/example_dags/example_datasets.py took 0.403 seconds
[2026-08-12T04:44:19.426+0000] {processor.py:186} INFO - Started process (PID=1592) to work on /home/airflow/.local/lib/python3.12/site-packages/airflow/example_dags/example_datasets.py
[2026-08-12T04:44:19.428+0000] {processor.py:914} INFO - Processing file /home/airflow/.local/lib/python3.12/site-packages/airflow/example_dags/example_datasets.py for tasks to queue
[2026-08-12T04:44:19.430+0000] {logging_mixin.py:190} INFO - [2026-08-12T04:44:19.430+0000] {dagbag.py:587} INFO - Filling up the DagBag from /home/airflow/.local/lib/python3.12/site-packages/airflow/example_dags/example_datasets.py
[2026-08-12T04:44:19.558+0000] {processor.py:925} INFO - DAG(s) 'consume_1_or_2_with_dataset_expressions', 'consume_1_or_both_2_and_3_with_dataset_expressions', 'dataset_produces_2', 'dataset_consumes_1_and_2', 'conditional_dataset_and_time_based_timetable', 'dataset_consumes_1', 'dataset_produces_1', 'dataset_consumes_1_never_scheduled', 'consume_1_and_2_with_dataset_expressions', 'dataset_consumes_unknown_never_scheduled' retrieved from /home/airflow/.local/lib/python3.12/site-packages/airflow/example_dags/example_datasets.py
[2026-08-12T04:44:19.602+0000] {logging_mixin.py:190} INFO - [2026-08-12T04:44:19.602+0000] {dag.py:3211} INFO - Sync 10 DAGs
[2026-08-12T04:44:19.626+0000] {logging_mixin.py:190} INFO - [2026-08-12T04:44:19.625+0000] {dag.py:4138} INFO - Setting next_dagrun for conditional_dataset_and_time_based_timetable to 2026-08-12 01:00:00+00:00, run_after=2026-08-12 01:00:00+00:00
[2026-08-12T04:44:19.630+0000] {logging_mixin.py:190} INFO - [2026-08-12T04:44:19.630+0000] {dag.py:4138} INFO - Setting next_dagrun for consume_1_and_2_with_dataset_expressions to None, run_after=None
[2026-08-12T04:44:19.632+0000] {logging_mixin.py:190} INFO - [2026-08-12T04:44:19.632+0000] {dag.py:4138} INFO - Setting next_dagrun for consume_1_or_2_with_dataset_expressions to None, run_after=None
[2026-08-12T04:44:19.634+0000] {logging_mixin.py:190} INFO - [2026-08-12T04:44:19.634+0000] {dag.py:4138} INFO - Setting next_dagrun for consume_1_or_both_2_and_3_with_dataset_expressions to None, run_after=None
[2026-08-12T04:44:19.636+0000] {logging_mixin.py:190} INFO - [2026-08-12T04:44:19.636+0000] {dag.py:4138} INFO - Setting next_dagrun for dataset_consumes_1 to None, run_after=None
[2026-08-12T04:44:19.638+0000] {logging_mixin.py:190} INFO - [2026-08-12T04:44:19.638+0000] {dag.py:4138} INFO - Setting next_dagrun for dataset_consumes_1_and_2 to None, run_after=None
[2026-08-12T04:44:19.640+0000] {logging_mixin.py:190} INFO - [2026-08-12T04:44:19.640+0000] {dag.py:4138} INFO - Setting next_dagrun for dataset_consumes_1_never_scheduled to None, run_after=None
[2026-08-12T04:44:19.642+0000] {logging_mixin.py:190} INFO - [2026-08-12T04:44:19.642+0000] {dag.py:4138} INFO - Setting next_dagrun for dataset_consumes_unknown_never_scheduled to None, run_after=None
[2026-08-12T04:44:19.645+0000] {logging_mixin.py:190} INFO - [2026-08-12T04:44:19.645+0000] {dag.py:4138} INFO - Setting next_dagrun for dataset_produces_1 to 2026-08-11 00:00:00+00:00, run_after=2026-08-12 00:00:00+00:00
[2026-08-12T04:44:19.648+0000] {logging_mixin.py:190} INFO - [2026-08-12T04:44:19.647+0000] {dag.py:4138} INFO - Setting next_dagrun for dataset_produces_2 to None, run_after=None
[2026-08-12T04:44:19.691+0000] {processor.py:208} INFO - Processing /home/airflow/.local/lib/python3.12/site-packages/airflow/example_dags/example_datasets.py took 0.271 seconds
[2026-08-12T04:44:50.692+0000] {processor.py:186} INFO - Started process (PID=1654) to work on /home/airflow/.local/lib/python3.12/site-packages/airflow/example_dags/example_datasets.py
[2026-08-12T04:44:50.693+0000] {processor.py:914} INFO - Processing file /home/airflow/.local/lib/python3.12/site-packages/airflow/example_dags/example_datasets.py for tasks to queue
[2026-08-12T04:44:50.697+0000] {logging_mixin.py:190} INFO - [2026-08-12T04:44:50.696+0000] {dagbag.py:587} INFO - Filling up the DagBag from /home/airflow/.local/lib/python3.12/site-packages/airflow/example_dags/example_datasets.py
[2026-08-12T04:44:50.844+0000] {processor.py:925} INFO - DAG(s) 'dataset_consumes_1_and_2', 'dataset_produces_1', 'dataset_consumes_1_never_scheduled', 'conditional_dataset_and_time_based_timetable', 'dataset_consumes_1', 'consume_1_and_2_with_dataset_expressions', 'consume_1_or_2_with_dataset_expressions', 'dataset_consumes_unknown_never_scheduled', 'dataset_produces_2', 'consume_1_or_both_2_and_3_with_dataset_expressions' retrieved from /home/airflow/.local/lib/python3.12/site-packages/airflow/example_dags/example_datasets.py
[2026-08-12T04:44:50.889+0000] {logging_mixin.py:190} INFO - [2026-08-12T04:44:50.889+0000] {dag.py:3211} INFO - Sync 10 DAGs
[2026-08-12T04:44:50.919+0000] {logging_mixin.py:190} INFO - [2026-08-12T04:44:50.919+0000] {dag.py:4138} INFO - Setting next_dagrun for conditional_dataset_and_time_based_timetable to 2026-08-12 01:00:00+00:00, run_after=2026-08-12 01:00:00+00:00
[2026-08-12T04:44:50.924+0000] {logging_mixin.py:190} INFO - [2026-08-12T04:44:50.924+0000] {dag.py:4138} INFO - Setting next_dagrun for consume_1_and_2_with_dataset_expressions to None, run_after=None
[2026-08-12T04:44:50.926+0000] {logging_mixin.py:190} INFO - [2026-08-12T04:44:50.926+0000] {dag.py:4138} INFO - Setting next_dagrun for consume_1_or_2_with_dataset_expressions to None, run_after=None
[2026-08-12T04:44:50.929+0000] {logging_mixin.py:190} INFO - [2026-08-12T04:44:50.929+0000] {dag.py:4138} INFO - Setting next_dagrun for consume_1_or_both_2_and_3_with_dataset_expressions to None, run_after=None
[2026-08-12T04:44:50.931+0000] {logging_mixin.py:190} INFO - [2026-08-12T04:44:50.931+0000] {dag.py:4138} INFO - Setting next_dagrun for dataset_consumes_1 to None, run_after=None
[2026-08-12T04:44:50.933+0000] {logging_mixin.py:190} INFO - [2026-08-12T04:44:50.933+0000] {dag.py:4138} INFO - Setting next_dagrun for dataset_consumes_1_and_2 to None, run_after=None
[2026-08-12T04:44:50.935+0000] {logging_mixin.py:190} INFO - [2026-08-12T04:44:50.935+0000] {dag.py:4138} INFO - Setting next_dagrun for dataset_consumes_1_never_scheduled to None, run_after=None
[2026-08-12T04:44:50.938+0000] {logging_mixin.py:190} INFO - [2026-08-12T04:44:50.937+0000] {dag.py:4138} INFO - Setting next_dagrun for dataset_consumes_unknown_never_scheduled to None, run_after=None
[2026-08-12T04:44:50.941+0000] {logging_mixin.py:190} INFO - [2026-08-12T04:44:50.941+0000] {dag.py:4138} INFO - Setting next_dagrun for dataset_produces_1 to 2026-08-11 00:00:00+00:00, run_after=2026-08-12 00:00:00+00:00
[2026-08-12T04:44:50.943+0000] {logging_mixin.py:190} INFO - [2026-08-12T04:44:50.943+0000] {dag.py:4138} INFO - Setting next_dagrun for dataset_produces_2 to None, run_after=None
[2026-08-12T04:44:50.993+0000] {processor.py:208} INFO - Processing /home/airflow/.local/lib/python3.12/site-packages/airflow/example_dags/example_datasets.py took 0.307 seconds
[2026-08-12T04:45:21.396+0000] {processor.py:186} INFO - Started process (PID=1716) to work on /home/airflow/.local/lib/python3.12/site-packages/airflow/example_dags/example_datasets.py
[2026-08-12T04:45:21.398+0000] {processor.py:914} INFO - Processing file /home/airflow/.local/lib/python3.12/site-packages/airflow/example_dags/example_datasets.py for tasks to queue
[2026-08-12T04:45:21.403+0000] {logging_mixin.py:190} INFO - [2026-08-12T04:45:21.403+0000] {dagbag.py:587} INFO - Filling up the DagBag from /home/airflow/.local/lib/python3.12/site-packages/airflow/example_dags/example_datasets.py
[2026-08-12T04:45:21.605+0000] {processor.py:925} INFO - DAG(s) 'dataset_consumes_1_never_scheduled', 'consume_1_or_both_2_and_3_with_dataset_expressions', 'dataset_consumes_1_and_2', 'conditional_dataset_and_time_based_timetable', 'dataset_consumes_1', 'dataset_produces_2', 'consume_1_or_2_with_dataset_expressions', 'dataset_produces_1', 'dataset_consumes_unknown_never_scheduled', 'consume_1_and_2_with_dataset_expressions' retrieved from /home/airflow/.local/lib/python3.12/site-packages/airflow/example_dags/example_datasets.py
[2026-08-12T04:45:21.672+0000] {logging_mixin.py:190} INFO - [2026-08-12T04:45:21.672+0000] {dag.py:3211} INFO - Sync 10 DAGs
[2026-08-12T04:45:21.973+0000] {logging_mixin.py:190} INFO - [2026-08-12T04:45:21.973+0000] {dag.py:4138} INFO - Setting next_dagrun for conditional_dataset_and_time_based_timetable to 2026-08-12 01:00:00+00:00, run_after=2026-08-12 01:00:00+00:00
[2026-08-12T04:45:21.978+0000] {logging_mixin.py:190} INFO - [2026-08-12T04:45:21.978+0000] {dag.py:4138} INFO - Setting next_dagrun for consume_1_and_2_with_dataset_expressions to None, run_after=None
[2026-08-12T04:45:21.981+0000] {logging_mixin.py:190} INFO - [2026-08-12T04:45:21.980+0000] {dag.py:4138} INFO - Setting next_dagrun for consume_1_or_2_with_dataset_expressions to None, run_after=None
[2026-08-12T04:45:21.983+0000] {logging_mixin.py:190} INFO - [2026-08-12T04:45:21.983+0000] {dag.py:4138} INFO - Setting next_dagrun for consume_1_or_both_2_and_3_with_dataset_expressions to None, run_after=None
[2026-08-12T04:45:21.985+0000] {logging_mixin.py:190} INFO - [2026-08-12T04:45:21.985+0000] {dag.py:4138} INFO - Setting next_dagrun for dataset_consumes_1 to None, run_after=None
[2026-08-12T04:45:21.987+0000] {logging_mixin.py:190} INFO - [2026-08-12T04:45:21.987+0000] {dag.py:4138} INFO - Setting next_dagrun for dataset_consumes_1_and_2 to None, run_after=None
[2026-08-12T04:45:21.989+0000] {logging_mixin.py:190} INFO - [2026-08-12T04:45:21.989+0000] {dag.py:4138} INFO - Setting next_dagrun for dataset_consumes_1_never_scheduled to None, run_after=None
[2026-08-12T04:45:21.993+0000] {logging_mixin.py:190} INFO - [2026-08-12T04:45:21.992+0000] {dag.py:4138} INFO - Setting next_dagrun for dataset_consumes_unknown_never_scheduled to None, run_after=None
[2026-08-12T04:45:22.045+0000] {logging_mixin.py:190} INFO - [2026-08-12T04:45:22.045+0000] {dag.py:4138} INFO - Setting next_dagrun for dataset_produces_1 to 2026-08-11 00:00:00+00:00, run_after=2026-08-12 00:00:00+00:00
[2026-08-12T04:45:22.056+0000] {logging_mixin.py:190} INFO - [2026-08-12T04:45:22.056+0000] {dag.py:4138} INFO - Setting next_dagrun for dataset_produces_2 to None, run_after=None
[2026-08-12T04:45:22.122+0000] {processor.py:208} INFO - Processing /home/airflow/.local/lib/python3.12/site-packages/airflow/example_dags/example_datasets.py took 0.736 seconds
[2026-08-12T04:45:52.333+0000] {processor.py:186} INFO - Started process (PID=1778) to work on /home/airflow/.local/lib/python3.12/site-packages/airflow/example_dags/example_datasets.py
[2026-08-12T04:45:52.336+0000] {processor.py:914} INFO - Processing file /home/airflow/.local/lib/python3.12/site-packages/airflow/example_dags/example_datasets.py for tasks to queue
[2026-08-12T04:45:52.340+0000] {logging_mixin.py:190} INFO - [2026-08-12T04:45:52.339+0000] {dagbag.py:587} INFO - Filling up the DagBag from /home/airflow/.local/lib/python3.12/site-packages/airflow/example_dags/example_datasets.py
[2026-08-12T04:45:52.491+0000] {processor.py:925} INFO - DAG(s) 'consume_1_and_2_with_dataset_expressions', 'dataset_consumes_1', 'dataset_produces_2', 'consume_1_or_both_2_and_3_with_dataset_expressions', 'conditional_dataset_and_time_based_timetable', 'dataset_produces_1', 'consume_1_or_2_with_dataset_expressions', 'dataset_consumes_1_and_2', 'dataset_consumes_unknown_never_scheduled', 'dataset_consumes_1_never_scheduled' retrieved from /home/airflow/.local/lib/python3.12/site-packages/airflow/example_dags/example_datasets.py
[2026-08-12T04:45:52.533+0000] {logging_mixin.py:190} INFO - [2026-08-12T04:45:52.533+0000] {dag.py:3211} INFO - Sync 10 DAGs
[2026-08-12T04:45:52.558+0000] {logging_mixin.py:190} INFO - [2026-08-12T04:45:52.558+0000] {dag.py:4138} INFO - Setting next_dagrun for conditional_dataset_and_time_based_timetable to 2026-08-12 01:00:00+00:00, run_after=2026-08-12 01:00:00+00:00
[2026-08-12T04:45:52.562+0000] {logging_mixin.py:190} INFO - [2026-08-12T04:45:52.562+0000] {dag.py:4138} INFO - Setting next_dagrun for consume_1_and_2_with_dataset_expressions to None, run_after=None
[2026-08-12T04:45:52.566+0000] {logging_mixin.py:190} INFO - [2026-08-12T04:45:52.566+0000] {dag.py:4138} INFO - Setting next_dagrun for consume_1_or_2_with_dataset_expressions to None, run_after=None
[2026-08-12T04:45:52.568+0000] {logging_mixin.py:190} INFO - [2026-08-12T04:45:52.568+0000] {dag.py:4138} INFO - Setting next_dagrun for consume_1_or_both_2_and_3_with_dataset_expressions to None, run_after=None
[2026-08-12T04:45:52.570+0000] {logging_mixin.py:190} INFO - [2026-08-12T04:45:52.570+0000] {dag.py:4138} INFO - Setting next_dagrun for dataset_consumes_1 to None, run_after=None
[2026-08-12T04:45:52.573+0000] {logging_mixin.py:190} INFO - [2026-08-12T04:45:52.573+0000] {dag.py:4138} INFO - Setting next_dagrun for dataset_consumes_1_and_2 to None, run_after=None
[2026-08-12T04:45:52.575+0000] {logging_mixin.py:190} INFO - [2026-08-12T04:45:52.575+0000] {dag.py:4138} INFO - Setting next_dagrun for dataset_consumes_1_never_scheduled to None, run_after=None
[2026-08-12T04:45:52.577+0000] {logging_mixin.py:190} INFO - [2026-08-12T04:45:52.577+0000] {dag.py:4138} INFO - Setting next_dagrun for dataset_consumes_unknown_never_scheduled to None, run_after=None
[2026-08-12T04:45:52.580+0000] {logging_mixin.py:190} INFO - [2026-08-12T04:45:52.580+0000] {dag.py:4138} INFO - Setting next_dagrun for dataset_produces_1 to 2026-08-11 00:00:00+00:00, run_after=2026-08-12 00:00:00+00:00
[2026-08-12T04:45:52.582+0000] {logging_mixin.py:190} INFO - [2026-08-12T04:45:52.582+0000] {dag.py:4138} INFO - Setting next_dagrun for dataset_produces_2 to None, run_after=None
[2026-08-12T04:45:52.816+0000] {processor.py:208} INFO - Processing /home/airflow/.local/lib/python3.12/site-packages/airflow/example_dags/example_datasets.py took 0.498 seconds
[2026-08-12T04:46:22.921+0000] {processor.py:186} INFO - Started process (PID=1840) to work on /home/airflow/.local/lib/python3.12/site-packages/airflow/example_dags/example_datasets.py
[2026-08-12T04:46:22.923+0000] {processor.py:914} INFO - Processing file /home/airflow/.local/lib/python3.12/site-packages/airflow/example_dags/example_datasets.py for tasks to queue
[2026-08-12T04:46:22.927+0000] {logging_mixin.py:190} INFO - [2026-08-12T04:46:22.926+0000] {dagbag.py:587} INFO - Filling up the DagBag from /home/airflow/.local/lib/python3.12/site-packages/airflow/example_dags/example_datasets.py
[2026-08-12T04:46:23.094+0000] {processor.py:925} INFO - DAG(s) 'dataset_consumes_unknown_never_scheduled', 'conditional_dataset_and_time_based_timetable', 'consume_1_or_both_2_and_3_with_dataset_expressions', 'dataset_produces_2', 'dataset_consumes_1_never_scheduled', 'dataset_produces_1', 'consume_1_and_2_with_dataset_expressions', 'consume_1_or_2_with_dataset_expressions', 'dataset_consumes_1_and_2', 'dataset_consumes_1' retrieved from /home/airflow/.local/lib/python3.12/site-packages/airflow/example_dags/example_datasets.py
[2026-08-12T04:46:23.137+0000] {logging_mixin.py:190} INFO - [2026-08-12T04:46:23.137+0000] {dag.py:3211} INFO - Sync 10 DAGs
[2026-08-12T04:46:23.162+0000] {logging_mixin.py:190} INFO - [2026-08-12T04:46:23.162+0000] {dag.py:4138} INFO - Setting next_dagrun for conditional_dataset_and_time_based_timetable to 2026-08-12 01:00:00+00:00, run_after=2026-08-12 01:00:00+00:00
[2026-08-12T04:46:23.166+0000] {logging_mixin.py:190} INFO - [2026-08-12T04:46:23.166+0000] {dag.py:4138} INFO - Setting next_dagrun for consume_1_and_2_with_dataset_expressions to None, run_after=None
[2026-08-12T04:46:23.168+0000] {logging_mixin.py:190} INFO - [2026-08-12T04:46:23.168+0000] {dag.py:4138} INFO - Setting next_dagrun for consume_1_or_2_with_dataset_expressions to None, run_after=None
[2026-08-12T04:46:23.171+0000] {logging_mixin.py:190} INFO - [2026-08-12T04:46:23.171+0000] {dag.py:4138} INFO - Setting next_dagrun for consume_1_or_both_2_and_3_with_dataset_expressions to None, run_after=None
[2026-08-12T04:46:23.174+0000] {logging_mixin.py:190} INFO - [2026-08-12T04:46:23.174+0000] {dag.py:4138} INFO - Setting next_dagrun for dataset_consumes_1 to None, run_after=None
[2026-08-12T04:46:23.178+0000] {logging_mixin.py:190} INFO - [2026-08-12T04:46:23.178+0000] {dag.py:4138} INFO - Setting next_dagrun for dataset_consumes_1_and_2 to None, run_after=None
[2026-08-12T04:46:23.180+0000] {logging_mixin.py:190} INFO - [2026-08-12T04:46:23.180+0000] {dag.py:4138} INFO - Setting next_dagrun for dataset_consumes_1_never_scheduled to None, run_after=None
[2026-08-12T04:46:23.182+0000] {logging_mixin.py:190} INFO - [2026-08-12T04:46:23.182+0000] {dag.py:4138} INFO - Setting next_dagrun for dataset_consumes_unknown_never_scheduled to None, run_after=None
[2026-08-12T04:46:23.185+0000] {logging_mixin.py:190} INFO - [2026-08-12T04:46:23.185+0000] {dag.py:4138} INFO - Setting next_dagrun for dataset_produces_1 to 2026-08-11 00:00:00+00:00, run_after=2026-08-12 00:00:00+00:00
[2026-08-12T04:46:23.187+0000] {logging_mixin.py:190} INFO - [2026-08-12T04:46:23.187+0000] {dag.py:4138} INFO - Setting next_dagrun for dataset_produces_2 to None, run_after=None
[2026-08-12T04:46:23.225+0000] {processor.py:208} INFO - Processing /home/airflow/.local/lib/python3.12/site-packages/airflow/example_dags/example_datasets.py took 0.325 seconds
[2026-08-12T04:46:53.533+0000] {processor.py:186} INFO - Started process (PID=1903) to work on /home/airflow/.local/lib/python3.12/site-packages/airflow/example_dags/example_datasets.py
[2026-08-12T04:46:53.535+0000] {processor.py:914} INFO - Processing file /home/airflow/.local/lib/python3.12/site-packages/airflow/example_dags/example_datasets.py for tasks to queue
[2026-08-12T04:46:53.539+0000] {logging_mixin.py:190} INFO - [2026-08-12T04:46:53.538+0000] {dagbag.py:587} INFO - Filling up the DagBag from /home/airflow/.local/lib/python3.12/site-packages/airflow/example_dags/example_datasets.py
[2026-08-12T04:46:53.696+0000] {processor.py:925} INFO - DAG(s) 'conditional_dataset_and_time_based_timetable', 'consume_1_and_2_with_dataset_expressions', 'dataset_consumes_1_and_2', 'dataset_produces_2', 'dataset_consumes_1_never_scheduled', 'dataset_produces_1', 'consume_1_or_both_2_and_3_with_dataset_expressions', 'dataset_consumes_unknown_never_scheduled', 'consume_1_or_2_with_dataset_expressions', 'dataset_consumes_1' retrieved from /home/airflow/.local/lib/python3.12/site-packages/airflow/example_dags/example_datasets.py
[2026-08-12T04:46:53.744+0000] {logging_mixin.py:190} INFO - [2026-08-12T04:46:53.743+0000] {dag.py:3211} INFO - Sync 10 DAGs
[2026-08-12T04:46:53.785+0000] {logging_mixin.py:190} INFO - [2026-08-12T04:46:53.785+0000] {dag.py:4138} INFO - Setting next_dagrun for conditional_dataset_and_time_based_timetable to 2026-08-12 01:00:00+00:00, run_after=2026-08-12 01:00:00+00:00
[2026-08-12T04:46:53.817+0000] {logging_mixin.py:190} INFO - [2026-08-12T04:46:53.817+0000] {dag.py:4138} INFO - Setting next_dagrun for consume_1_and_2_with_dataset_expressions to None, run_after=None
[2026-08-12T04:46:53.834+0000] {logging_mixin.py:190} INFO - [2026-08-12T04:46:53.834+0000] {dag.py:4138} INFO - Setting next_dagrun for consume_1_or_2_with_dataset_expressions to None, run_after=None
[2026-08-12T04:46:53.837+0000] {logging_mixin.py:190} INFO - [2026-08-12T04:46:53.837+0000] {dag.py:4138} INFO - Setting next_dagrun for consume_1_or_both_2_and_3_with_dataset_expressions to None, run_after=None
[2026-08-12T04:46:53.840+0000] {logging_mixin.py:190} INFO - [2026-08-12T04:46:53.839+0000] {dag.py:4138} INFO - Setting next_dagrun for dataset_consumes_1 to None, run_after=None
[2026-08-12T04:46:53.842+0000] {logging_mixin.py:190} INFO - [2026-08-12T04:46:53.842+0000] {dag.py:4138} INFO - Setting next_dagrun for dataset_consumes_1_and_2 to None, run_after=None
[2026-08-12T04:46:53.847+0000] {logging_mixin.py:190} INFO - [2026-08-12T04:46:53.846+0000] {dag.py:4138} INFO - Setting next_dagrun for dataset_consumes_1_never_scheduled to None, run_after=None
[2026-08-12T04:46:53.857+0000] {logging_mixin.py:190} INFO - [2026-08-12T04:46:53.857+0000] {dag.py:4138} INFO - Setting next_dagrun for dataset_consumes_unknown_never_scheduled to None, run_after=None
[2026-08-12T04:46:53.861+0000] {logging_mixin.py:190} INFO - [2026-08-12T04:46:53.860+0000] {dag.py:4138} INFO - Setting next_dagrun for dataset_produces_1 to 2026-08-11 00:00:00+00:00, run_after=2026-08-12 00:00:00+00:00
[2026-08-12T04:46:53.863+0000] {logging_mixin.py:190} INFO - [2026-08-12T04:46:53.863+0000] {dag.py:4138} INFO - Setting next_dagrun for dataset_produces_2 to None, run_after=None
[2026-08-12T04:46:53.899+0000] {processor.py:208} INFO - Processing /home/airflow/.local/lib/python3.12/site-packages/airflow/example_dags/example_datasets.py took 0.373 seconds
[2026-08-12T04:47:24.044+0000] {processor.py:186} INFO - Started process (PID=1964) to work on /home/airflow/.local/lib/python3.12/site-packages/airflow/example_dags/example_datasets.py
[2026-08-12T04:47:24.046+0000] {processor.py:914} INFO - Processing file /home/airflow/.local/lib/python3.12/site-packages/airflow/example_dags/example_datasets.py for tasks to queue
[2026-08-12T04:47:24.058+0000] {logging_mixin.py:190} INFO - [2026-08-12T04:47:24.050+0000] {dagbag.py:587} INFO - Filling up the DagBag from /home/airflow/.local/lib/python3.12/site-packages/airflow/example_dags/example_datasets.py
[2026-08-12T04:47:24.230+0000] {processor.py:925} INFO - DAG(s) 'dataset_consumes_1', 'dataset_produces_2', 'dataset_consumes_1_never_scheduled', 'dataset_consumes_unknown_never_scheduled', 'conditional_dataset_and_time_based_timetable', 'consume_1_or_2_with_dataset_expressions', 'dataset_produces_1', 'consume_1_or_both_2_and_3_with_dataset_expressions', 'consume_1_and_2_with_dataset_expressions', 'dataset_consumes_1_and_2' retrieved from /home/airflow/.local/lib/python3.12/site-packages/airflow/example_dags/example_datasets.py
[2026-08-12T04:47:24.277+0000] {logging_mixin.py:190} INFO - [2026-08-12T04:47:24.276+0000] {dag.py:3211} INFO - Sync 10 DAGs
[2026-08-12T04:47:24.303+0000] {logging_mixin.py:190} INFO - [2026-08-12T04:47:24.303+0000] {dag.py:4138} INFO - Setting next_dagrun for conditional_dataset_and_time_based_timetable to 2026-08-12 01:00:00+00:00, run_after=2026-08-12 01:00:00+00:00
[2026-08-12T04:47:24.308+0000] {logging_mixin.py:190} INFO - [2026-08-12T04:47:24.308+0000] {dag.py:4138} INFO - Setting next_dagrun for consume_1_and_2_with_dataset_expressions to None, run_after=None
[2026-08-12T04:47:24.310+0000] {logging_mixin.py:190} INFO - [2026-08-12T04:47:24.310+0000] {dag.py:4138} INFO - Setting next_dagrun for consume_1_or_2_with_dataset_expressions to None, run_after=None
[2026-08-12T04:47:24.312+0000] {logging_mixin.py:190} INFO - [2026-08-12T04:47:24.312+0000] {dag.py:4138} INFO - Setting next_dagrun for consume_1_or_both_2_and_3_with_dataset_expressions to None, run_after=None
[2026-08-12T04:47:24.315+0000] {logging_mixin.py:190} INFO - [2026-08-12T04:47:24.315+0000] {dag.py:4138} INFO - Setting next_dagrun for dataset_consumes_1 to None, run_after=None
[2026-08-12T04:47:24.318+0000] {logging_mixin.py:190} INFO - [2026-08-12T04:47:24.317+0000] {dag.py:4138} INFO - Setting next_dagrun for dataset_consumes_1_and_2 to None, run_after=None
[2026-08-12T04:47:24.320+0000] {logging_mixin.py:190} INFO - [2026-08-12T04:47:24.320+0000] {dag.py:4138} INFO - Setting next_dagrun for dataset_consumes_1_never_scheduled to None, run_after=None
[2026-08-12T04:47:24.322+0000] {logging_mixin.py:190} INFO - [2026-08-12T04:47:24.322+0000] {dag.py:4138} INFO - Setting next_dagrun for dataset_consumes_unknown_never_scheduled to None, run_after=None
[2026-08-12T04:47:24.325+0000] {logging_mixin.py:190} INFO - [2026-08-12T04:47:24.325+0000] {dag.py:4138} INFO - Setting next_dagrun for dataset_produces_1 to 2026-08-11 00:00:00+00:00, run_after=2026-08-12 00:00:00+00:00
[2026-08-12T04:47:24.327+0000] {logging_mixin.py:190} INFO - [2026-08-12T04:47:24.327+0000] {dag.py:4138} INFO - Setting next_dagrun for dataset_produces_2 to None, run_after=None
[2026-08-12T04:47:24.364+0000] {processor.py:208} INFO - Processing /home/airflow/.local/lib/python3.12/site-packages/airflow/example_dags/example_datasets.py took 0.329 seconds
[2026-08-12T04:47:54.694+0000] {processor.py:186} INFO - Started process (PID=2026) to work on /home/airflow/.local/lib/python3.12/site-packages/airflow/example_dags/example_datasets.py
[2026-08-12T04:47:54.696+0000] {processor.py:914} INFO - Processing file /home/airflow/.local/lib/python3.12/site-packages/airflow/example_dags/example_datasets.py for tasks to queue
[2026-08-12T04:47:54.699+0000] {logging_mixin.py:190} INFO - [2026-08-12T04:47:54.698+0000] {dagbag.py:587} INFO - Filling up the DagBag from /home/airflow/.local/lib/python3.12/site-packages/airflow/example_dags/example_datasets.py
[2026-08-12T04:47:54.844+0000] {processor.py:925} INFO - DAG(s) 'consume_1_and_2_with_dataset_expressions', 'dataset_consumes_1_never_scheduled', 'dataset_consumes_unknown_never_scheduled', 'consume_1_or_both_2_and_3_with_dataset_expressions', 'conditional_dataset_and_time_based_timetable', 'dataset_consumes_1', 'dataset_consumes_1_and_2', 'dataset_produces_2', 'consume_1_or_2_with_dataset_expressions', 'dataset_produces_1' retrieved from /home/airflow/.local/lib/python3.12/site-packages/airflow/example_dags/example_datasets.py
[2026-08-12T04:47:54.890+0000] {logging_mixin.py:190} INFO - [2026-08-12T04:47:54.889+0000] {dag.py:3211} INFO - Sync 10 DAGs
[2026-08-12T04:47:55.111+0000] {logging_mixin.py:190} INFO - [2026-08-12T04:47:55.110+0000] {dag.py:4138} INFO - Setting next_dagrun for conditional_dataset_and_time_based_timetable to 2026-08-12 01:00:00+00:00, run_after=2026-08-12 01:00:00+00:00
[2026-08-12T04:47:55.115+0000] {logging_mixin.py:190} INFO - [2026-08-12T04:47:55.115+0000] {dag.py:4138} INFO - Setting next_dagrun for consume_1_and_2_with_dataset_expressions to None, run_after=None
[2026-08-12T04:47:55.118+0000] {logging_mixin.py:190} INFO - [2026-08-12T04:47:55.117+0000] {dag.py:4138} INFO - Setting next_dagrun for consume_1_or_2_with_dataset_expressions to None, run_after=None
[2026-08-12T04:47:55.120+0000] {logging_mixin.py:190} INFO - [2026-08-12T04:47:55.120+0000] {dag.py:4138} INFO - Setting next_dagrun for consume_1_or_both_2_and_3_with_dataset_expressions to None, run_after=None
[2026-08-12T04:47:55.123+0000] {logging_mixin.py:190} INFO - [2026-08-12T04:47:55.122+0000] {dag.py:4138} INFO - Setting next_dagrun for dataset_consumes_1 to None, run_after=None
[2026-08-12T04:47:55.125+0000] {logging_mixin.py:190} INFO - [2026-08-12T04:47:55.125+0000] {dag.py:4138} INFO - Setting next_dagrun for dataset_consumes_1_and_2 to None, run_after=None
[2026-08-12T04:47:55.127+0000] {logging_mixin.py:190} INFO - [2026-08-12T04:47:55.127+0000] {dag.py:4138} INFO - Setting next_dagrun for dataset_consumes_1_never_scheduled to None, run_after=None
[2026-08-12T04:47:55.129+0000] {logging_mixin.py:190} INFO - [2026-08-12T04:47:55.129+0000] {dag.py:4138} INFO - Setting next_dagrun for dataset_consumes_unknown_never_scheduled to None, run_after=None
[2026-08-12T04:47:55.132+0000] {logging_mixin.py:190} INFO - [2026-08-12T04:47:55.132+0000] {dag.py:4138} INFO - Setting next_dagrun for dataset_produces_1 to 2026-08-11 00:00:00+00:00, run_after=2026-08-12 00:00:00+00:00
[2026-08-12T04:47:55.134+0000] {logging_mixin.py:190} INFO - [2026-08-12T04:47:55.134+0000] {dag.py:4138} INFO - Setting next_dagrun for dataset_produces_2 to None, run_after=None
[2026-08-12T04:47:55.170+0000] {processor.py:208} INFO - Processing /home/airflow/.local/lib/python3.12/site-packages/airflow/example_dags/example_datasets.py took 0.484 seconds
[2026-08-12T04:48:26.086+0000] {processor.py:186} INFO - Started process (PID=2088) to work on /home/airflow/.local/lib/python3.12/site-packages/airflow/example_dags/example_datasets.py
[2026-08-12T04:48:26.088+0000] {processor.py:914} INFO - Processing file /home/airflow/.local/lib/python3.12/site-packages/airflow/example_dags/example_datasets.py for tasks to queue
[2026-08-12T04:48:26.092+0000] {logging_mixin.py:190} INFO - [2026-08-12T04:48:26.091+0000] {dagbag.py:587} INFO - Filling up the DagBag from /home/airflow/.local/lib/python3.12/site-packages/airflow/example_dags/example_datasets.py
[2026-08-12T04:48:26.244+0000] {processor.py:925} INFO - DAG(s) 'consume_1_or_2_with_dataset_expressions', 'conditional_dataset_and_time_based_timetable', 'consume_1_or_both_2_and_3_with_dataset_expressions', 'dataset_consumes_1_never_scheduled', 'dataset_produces_2', 'dataset_produces_1', 'dataset_consumes_1_and_2', 'consume_1_and_2_with_dataset_expressions', 'dataset_consumes_unknown_never_scheduled', 'dataset_consumes_1' retrieved from /home/airflow/.local/lib/python3.12/site-packages/airflow/example_dags/example_datasets.py
[2026-08-12T04:48:26.287+0000] {logging_mixin.py:190} INFO - [2026-08-12T04:48:26.286+0000] {dag.py:3211} INFO - Sync 10 DAGs
[2026-08-12T04:48:26.517+0000] {logging_mixin.py:190} INFO - [2026-08-12T04:48:26.516+0000] {dag.py:4138} INFO - Setting next_dagrun for conditional_dataset_and_time_based_timetable to 2026-08-12 01:00:00+00:00, run_after=2026-08-12 01:00:00+00:00
[2026-08-12T04:48:26.521+0000] {logging_mixin.py:190} INFO - [2026-08-12T04:48:26.521+0000] {dag.py:4138} INFO - Setting next_dagrun for consume_1_and_2_with_dataset_expressions to None, run_after=None
[2026-08-12T04:48:26.524+0000] {logging_mixin.py:190} INFO - [2026-08-12T04:48:26.524+0000] {dag.py:4138} INFO - Setting next_dagrun for consume_1_or_2_with_dataset_expressions to None, run_after=None
[2026-08-12T04:48:26.526+0000] {logging_mixin.py:190} INFO - [2026-08-12T04:48:26.526+0000] {dag.py:4138} INFO - Setting next_dagrun for consume_1_or_both_2_and_3_with_dataset_expressions to None, run_after=None
[2026-08-12T04:48:26.528+0000] {logging_mixin.py:190} INFO - [2026-08-12T04:48:26.528+0000] {dag.py:4138} INFO - Setting next_dagrun for dataset_consumes_1 to None, run_after=None
[2026-08-12T04:48:26.531+0000] {logging_mixin.py:190} INFO - [2026-08-12T04:48:26.530+0000] {dag.py:4138} INFO - Setting next_dagrun for dataset_consumes_1_and_2 to None, run_after=None
[2026-08-12T04:48:26.533+0000] {logging_mixin.py:190} INFO - [2026-08-12T04:48:26.532+0000] {dag.py:4138} INFO - Setting next_dagrun for dataset_consumes_1_never_scheduled to None, run_after=None
[2026-08-12T04:48:26.535+0000] {logging_mixin.py:190} INFO - [2026-08-12T04:48:26.535+0000] {dag.py:4138} INFO - Setting next_dagrun for dataset_consumes_unknown_never_scheduled to None, run_after=None
[2026-08-12T04:48:26.538+0000] {logging_mixin.py:190} INFO - [2026-08-12T04:48:26.538+0000] {dag.py:4138} INFO - Setting next_dagrun for dataset_produces_1 to 2026-08-11 00:00:00+00:00, run_after=2026-08-12 00:00:00+00:00
[2026-08-12T04:48:26.541+0000] {logging_mixin.py:190} INFO - [2026-08-12T04:48:26.541+0000] {dag.py:4138} INFO - Setting next_dagrun for dataset_produces_2 to None, run_after=None
[2026-08-12T04:48:26.577+0000] {processor.py:208} INFO - Processing /home/airflow/.local/lib/python3.12/site-packages/airflow/example_dags/example_datasets.py took 0.497 seconds
